node_id,node_name,node_type,line_num,rtl_name,op_type,bitwidth,direction,if_type,array_size
0_1,prod_0,1,0,not_exist,not_exist,128,2,1,1024
0_2,m1_0_load,1,0,not_exist,not_exist,128,0,0,0
0_3,zext_ln14_15,1,0,not_exist,not_exist,7,0,0,0
0_4,m1_1_load,1,0,not_exist,not_exist,128,0,0,0
0_5,tmp_260,1,0,not_exist,not_exist,1,0,0,0
0_6,m2_0,1,0,not_exist,not_exist,128,0,1,1024
0_7,m1_0_load_1,1,0,not_exist,not_exist,128,0,0,0
0_8,m1_1_load_1,1,0,not_exist,not_exist,128,0,0,0
0_9,m1_0_load_2,1,0,not_exist,not_exist,128,0,0,0
0_10,m1_1_load_2,1,0,not_exist,not_exist,128,0,0,0
0_11,m1_0_load_3,1,0,not_exist,not_exist,128,0,0,0
0_12,m1_1_load_3,1,0,not_exist,not_exist,128,0,0,0
0_13,m1_0_load_4,1,0,not_exist,not_exist,128,0,0,0
0_14,m1_1_load_4,1,0,not_exist,not_exist,128,0,0,0
0_15,m1_0_load_5,1,0,not_exist,not_exist,128,0,0,0
0_16,m1_1_load_5,1,0,not_exist,not_exist,128,0,0,0
0_17,m1_0_load_6,1,0,not_exist,not_exist,128,0,0,0
0_18,m1_1_load_6,1,0,not_exist,not_exist,128,0,0,0
0_19,m1_0_load_7,1,0,not_exist,not_exist,128,0,0,0
0_20,m1_1_load_7,1,0,not_exist,not_exist,128,0,0,0
0_21,m1_0_load_8,1,0,not_exist,not_exist,128,0,0,0
0_22,m1_1_load_8,1,0,not_exist,not_exist,128,0,0,0
0_23,m1_0_load_9,1,0,not_exist,not_exist,128,0,0,0
0_24,m1_1_load_9,1,0,not_exist,not_exist,128,0,0,0
0_25,m1_0_load_10,1,0,not_exist,not_exist,128,0,0,0
0_26,m1_1_load_10,1,0,not_exist,not_exist,128,0,0,0
0_27,m1_0_load_11,1,0,not_exist,not_exist,128,0,0,0
0_28,m1_1_load_11,1,0,not_exist,not_exist,128,0,0,0
0_29,m1_0_load_12,1,0,not_exist,not_exist,128,0,0,0
0_30,m1_1_load_12,1,0,not_exist,not_exist,128,0,0,0
0_31,m1_0_load_13,1,0,not_exist,not_exist,128,0,0,0
0_32,m1_1_load_13,1,0,not_exist,not_exist,128,0,0,0
0_33,m1_0_load_14,1,0,not_exist,not_exist,128,0,0,0
0_34,m1_1_load_14,1,0,not_exist,not_exist,128,0,0,0
0_35,m1_0_load_15,1,0,not_exist,not_exist,128,0,0,0
0_36,m1_1_load_15,1,0,not_exist,not_exist,128,0,0,0
0_37,m1_0_load_16,1,0,not_exist,not_exist,128,0,0,0
0_38,m1_1_load_16,1,0,not_exist,not_exist,128,0,0,0
0_39,m1_0_load_17,1,0,not_exist,not_exist,128,0,0,0
0_40,m1_1_load_17,1,0,not_exist,not_exist,128,0,0,0
0_41,m1_0_load_18,1,0,not_exist,not_exist,128,0,0,0
0_42,m1_1_load_18,1,0,not_exist,not_exist,128,0,0,0
0_43,m1_0_load_19,1,0,not_exist,not_exist,128,0,0,0
0_44,m1_1_load_19,1,0,not_exist,not_exist,128,0,0,0
0_45,m1_0_load_20,1,0,not_exist,not_exist,128,0,0,0
0_46,m1_1_load_20,1,0,not_exist,not_exist,128,0,0,0
0_47,m1_0_load_21,1,0,not_exist,not_exist,128,0,0,0
0_48,m1_1_load_21,1,0,not_exist,not_exist,128,0,0,0
0_49,m1_0_load_22,1,0,not_exist,not_exist,128,0,0,0
0_50,m1_1_load_22,1,0,not_exist,not_exist,128,0,0,0
0_51,m1_0_load_23,1,0,not_exist,not_exist,128,0,0,0
0_52,m1_1_load_23,1,0,not_exist,not_exist,128,0,0,0
0_53,m1_0_load_24,1,0,not_exist,not_exist,128,0,0,0
0_54,m1_1_load_24,1,0,not_exist,not_exist,128,0,0,0
0_55,m1_0_load_25,1,0,not_exist,not_exist,128,0,0,0
0_56,m1_1_load_25,1,0,not_exist,not_exist,128,0,0,0
0_57,m1_0_load_26,1,0,not_exist,not_exist,128,0,0,0
0_58,m1_1_load_26,1,0,not_exist,not_exist,128,0,0,0
0_59,m1_0_load_27,1,0,not_exist,not_exist,128,0,0,0
0_60,m1_1_load_27,1,0,not_exist,not_exist,128,0,0,0
0_61,m1_0_load_28,1,0,not_exist,not_exist,128,0,0,0
0_62,m1_1_load_28,1,0,not_exist,not_exist,128,0,0,0
0_63,m1_0_load_29,1,0,not_exist,not_exist,128,0,0,0
0_64,m1_1_load_29,1,0,not_exist,not_exist,128,0,0,0
0_65,m1_0_load_30,1,0,not_exist,not_exist,128,0,0,0
0_66,m1_1_load_30,1,0,not_exist,not_exist,128,0,0,0
0_67,m1_0_load_31,1,0,not_exist,not_exist,128,0,0,0
0_68,m1_1_load_31,1,0,not_exist,not_exist,128,0,0,0
0_69,m1_0_load_32,1,0,not_exist,not_exist,128,0,0,0
0_70,m1_1_load_32,1,0,not_exist,not_exist,128,0,0,0
0_71,m2_1,1,0,not_exist,not_exist,128,0,1,1024
0_72,m1_0_load_33,1,0,not_exist,not_exist,128,0,0,0
0_73,m1_1_load_33,1,0,not_exist,not_exist,128,0,0,0
0_74,m1_0_load_34,1,0,not_exist,not_exist,128,0,0,0
0_75,m1_1_load_34,1,0,not_exist,not_exist,128,0,0,0
0_76,m1_0_load_35,1,0,not_exist,not_exist,128,0,0,0
0_77,m1_1_load_35,1,0,not_exist,not_exist,128,0,0,0
0_78,m1_0_load_36,1,0,not_exist,not_exist,128,0,0,0
0_79,m1_1_load_36,1,0,not_exist,not_exist,128,0,0,0
0_80,m1_0_load_37,1,0,not_exist,not_exist,128,0,0,0
0_81,m1_1_load_37,1,0,not_exist,not_exist,128,0,0,0
0_82,m1_0_load_38,1,0,not_exist,not_exist,128,0,0,0
0_83,m1_1_load_38,1,0,not_exist,not_exist,128,0,0,0
0_84,m1_0_load_39,1,0,not_exist,not_exist,128,0,0,0
0_85,m1_1_load_39,1,0,not_exist,not_exist,128,0,0,0
0_86,m1_0_load_40,1,0,not_exist,not_exist,128,0,0,0
0_87,m1_1_load_40,1,0,not_exist,not_exist,128,0,0,0
0_88,m1_0_load_41,1,0,not_exist,not_exist,128,0,0,0
0_89,m1_1_load_41,1,0,not_exist,not_exist,128,0,0,0
0_90,m1_0_load_42,1,0,not_exist,not_exist,128,0,0,0
0_91,m1_1_load_42,1,0,not_exist,not_exist,128,0,0,0
0_92,m1_0_load_43,1,0,not_exist,not_exist,128,0,0,0
0_93,m1_1_load_43,1,0,not_exist,not_exist,128,0,0,0
0_94,m1_0_load_44,1,0,not_exist,not_exist,128,0,0,0
0_95,m1_1_load_44,1,0,not_exist,not_exist,128,0,0,0
0_96,m1_0_load_45,1,0,not_exist,not_exist,128,0,0,0
0_97,m1_1_load_45,1,0,not_exist,not_exist,128,0,0,0
0_98,m1_0_load_46,1,0,not_exist,not_exist,128,0,0,0
0_99,m1_1_load_46,1,0,not_exist,not_exist,128,0,0,0
0_100,m1_0_load_47,1,0,not_exist,not_exist,128,0,0,0
0_101,m1_1_load_47,1,0,not_exist,not_exist,128,0,0,0
0_102,m1_0_load_48,1,0,not_exist,not_exist,128,0,0,0
0_103,m1_1_load_48,1,0,not_exist,not_exist,128,0,0,0
0_104,m1_0_load_49,1,0,not_exist,not_exist,128,0,0,0
0_105,m1_1_load_49,1,0,not_exist,not_exist,128,0,0,0
0_106,m1_0_load_50,1,0,not_exist,not_exist,128,0,0,0
0_107,m1_1_load_50,1,0,not_exist,not_exist,128,0,0,0
0_108,m1_0_load_51,1,0,not_exist,not_exist,128,0,0,0
0_109,m1_1_load_51,1,0,not_exist,not_exist,128,0,0,0
0_110,m1_0_load_52,1,0,not_exist,not_exist,128,0,0,0
0_111,m1_1_load_52,1,0,not_exist,not_exist,128,0,0,0
0_112,m1_0_load_53,1,0,not_exist,not_exist,128,0,0,0
0_113,m1_1_load_53,1,0,not_exist,not_exist,128,0,0,0
0_114,m1_0_load_54,1,0,not_exist,not_exist,128,0,0,0
0_115,m1_1_load_54,1,0,not_exist,not_exist,128,0,0,0
0_116,m1_0_load_55,1,0,not_exist,not_exist,128,0,0,0
0_117,m1_1_load_55,1,0,not_exist,not_exist,128,0,0,0
0_118,m1_0_load_56,1,0,not_exist,not_exist,128,0,0,0
0_119,m1_1_load_56,1,0,not_exist,not_exist,128,0,0,0
0_120,m1_0_load_57,1,0,not_exist,not_exist,128,0,0,0
0_121,m1_1_load_57,1,0,not_exist,not_exist,128,0,0,0
0_122,m1_0_load_58,1,0,not_exist,not_exist,128,0,0,0
0_123,m1_1_load_58,1,0,not_exist,not_exist,128,0,0,0
0_124,m1_0_load_59,1,0,not_exist,not_exist,128,0,0,0
0_125,m1_1_load_59,1,0,not_exist,not_exist,128,0,0,0
0_126,m1_0_load_60,1,0,not_exist,not_exist,128,0,0,0
0_127,m1_1_load_60,1,0,not_exist,not_exist,128,0,0,0
0_128,m1_0_load_61,1,0,not_exist,not_exist,128,0,0,0
0_129,m1_1_load_61,1,0,not_exist,not_exist,128,0,0,0
0_130,m1_0_load_62,1,0,not_exist,not_exist,128,0,0,0
0_131,m1_1_load_62,1,0,not_exist,not_exist,128,0,0,0
0_132,m1_0_load_63,1,0,not_exist,not_exist,128,0,0,0
0_133,m1_1_load_63,1,0,not_exist,not_exist,128,0,0,0
0_134,tmp_258,1,0,not_exist,not_exist,12,0,0,0
0_135,p_cast,1,0,not_exist,not_exist,10,0,0,0
0_136,trunc_ln17_1,1,0,not_exist,not_exist,11,0,0,0
0_137,prod_1,1,0,not_exist,not_exist,128,2,1,1024
1_1,tmp_16,1,0,not_exist,not_exist,12,0,0,0
1_2,trunc_ln14_1,1,0,not_exist,not_exist,10,0,0,0
1_3,trunc_ln,1,0,not_exist,not_exist,11,0,0,0
1_4,m1_0,1,0,not_exist,not_exist,128,0,1,1024
1_5,m1_1,1,0,not_exist,not_exist,128,0,1,1024
1_6,j,1,0,not_exist,not_exist,6,0,0,0
1_7,m2_0,1,0,not_exist,not_exist,128,0,1,1024
1_8,m2_1,1,0,not_exist,not_exist,128,0,1,1024
1_9,tmp_18,1,0,not_exist,not_exist,4,0,0,0
1_10,zext_ln14_6,1,0,not_exist,not_exist,7,0,0,0
1_11,and_ln14_3,1,0,not_exist,not_exist,2,0,0,0
1_12,zext_ln9,1,0,not_exist,not_exist,6,0,0,0
1_13,zext_ln14_9,1,0,not_exist,not_exist,6,0,0,0
1_14,zext_ln14_8,1,0,not_exist,not_exist,6,0,0,0
1_15,sum_out,1,0,not_exist,not_exist,64,1,0,0
2_1,m1_0,1,0,not_exist,not_exist,128,0,1,1024
2_2,m1_1,1,0,not_exist,not_exist,128,0,1,1024
2_3,m2_0,1,0,not_exist,not_exist,128,0,1,1024
2_4,m2_1,1,0,not_exist,not_exist,128,0,1,1024
2_5,prod_0,1,0,not_exist,not_exist,128,2,1,1024
2_6,prod_1,1,0,not_exist,not_exist,128,2,1,1024
