node_id,node_name,node_type,line_num,rtl_name,op_type,core_name,bitwidth,opcode,m_delay,topo_index,oprand_edges,latency,lut,ff,dsp,bram,uram
0_276,j_write_ln0,0,0,not_exist,not_exist,not_exist,0,store,0.84,135,"['2190', '2191']","['0', '0']",0,0,0,0,0
0_279,j_1,0,9,not_exist,not_exist,not_exist,7,load,0.00,137,"['2193', '6278']","['0', '0']",0,0,0,0,0
0_280,icmp_ln9,0,9,icmp_ln9_fu_2353_p2,icmp,Cmp,1,icmp,0.86,138,"['2194', '2196']","['0', '0']",11,0,0,0,0
0_282,add_ln9,0,9,add_ln9_fu_5643_p2,add,Adder,7,add,1.27,1025,"['2197', '2199']","['15', '0']",14,0,0,0,0
0_1910,j_write_ln9,0,9,not_exist,not_exist,not_exist,0,store,0.84,1043,"['2203', '2204', '6279', '6280']","['15', '0']",0,0,0,0,0
0_1887,prod_0_load,0,17,not_exist,ram,RAM,128,load,2.26,1164,['2210'],"['320', '1']",0,0,0,0,0
0_1889,shl_ln17_2,0,17,shl_ln17_2_fu_5846_p2,shl,Shifter,128,shl,0.00,1171,"['2213', '2214']","['334', '0']",423,0,0,0,0
0_1890,xor_ln17_1,0,17,xor_ln17_1_fu_5852_p2,xor,LogicGate,128,xor,0.00,1172,"['2215', '2217']","['334', '0']",128,0,0,0,0
0_1891,and_ln17_1,0,17,and_ln17_1_fu_5858_p2,and,LogicGate,128,and,0.00,1173,"['2218', '2219']","['334', '0']",128,0,0,0,0
0_1893,shl_ln17_3,0,17,shl_ln17_3_fu_5866_p2,shl,Shifter,128,shl,0.00,1175,"['2221', '2222']","['334', '0']",423,0,0,0,0
0_1894,or_ln17_1,0,17,prod_0_d0,or,LogicGate,128,or,2.35,1176,"['2223', '2224']","['334', '0']",128,0,0,0,0
0_1895,prod_0_addr_write_ln17,0,17,not_exist,ram,RAM,0,store,2.26,1177,"['2225', '2226', '6276']","['334', '0']",0,0,0,0,0
0_297,lshr_ln14,0,14,lshr_ln14_fu_2376_p2,lshr,Shifter,128,lshr,2.37,144,"['2234', '2235']","['0', '0']",423,0,0,0,0
0_301,lshr_ln14_1,0,14,lshr_ln14_1_fu_2394_p2,lshr,Shifter,128,lshr,2.37,148,"['2239', '2240']","['0', '0']",423,0,0,0,0
0_304,tmp_2,0,14,mux_21_64_1_1_U9,mux,Multiplexer,64,mux,0.84,151,"['2244', '2245', '2246', '2247']","['0', '0']",9,0,0,0,0
0_306,m2_0_load,0,14,not_exist,ram,RAM,128,load,2.26,153,['2251'],"['0', '1']",0,0,0,0,0
0_309,mult,0,14,dmul_64ns_64ns_64_5_full_dsp_1_U5,dmul,DMul_fulldsp,64,dmul,6.50,265,"['2254', '2255']","['2', '4']",213,282,10,0,0
0_313,sum,0,15,dadd_64ns_64ns_64_5_full_dsp_1_U1,dadd,DAddSub_fulldsp,64,dadd,5.86,595,"['2256', '2258']","['7', '4']",782,445,3,0,0
0_321,lshr_ln14_2,0,14,lshr_ln14_2_fu_2422_p2,lshr,Shifter,128,lshr,2.37,155,"['2260', '2261']","['0', '0']",423,0,0,0,0
0_325,lshr_ln14_3,0,14,lshr_ln14_3_fu_2440_p2,lshr,Shifter,128,lshr,2.37,159,"['2265', '2266']","['0', '0']",423,0,0,0,0
0_328,tmp_7,0,14,mux_21_64_1_1_U10,mux,Multiplexer,64,mux,0.84,162,"['2269', '2270', '2271', '2272']","['0', '0']",9,0,0,0,0
0_332,m2_0_load_1,0,14,not_exist,ram,RAM,128,load,2.26,166,['2282'],"['0', '1']",0,0,0,0,0
0_335,mult_1,0,14,dmul_64ns_64ns_64_5_full_dsp_1_U6,dmul,DMul_fulldsp,64,dmul,6.50,267,"['2285', '2286']","['2', '4']",213,282,10,0,0
0_339,sum_1,0,15,dadd_64ns_64ns_64_5_full_dsp_1_U1,dadd,DAddSub_fulldsp,64,dadd,5.86,882,"['2287', '2288']","['12', '4']",782,445,3,0,0
0_347,lshr_ln14_4,0,14,lshr_ln14_4_fu_2481_p2,lshr,Shifter,128,lshr,2.37,168,"['2290', '2291']","['0', '0']",423,0,0,0,0
0_351,lshr_ln14_5,0,14,lshr_ln14_5_fu_2499_p2,lshr,Shifter,128,lshr,2.37,172,"['2295', '2296']","['0', '0']",423,0,0,0,0
0_354,tmp_9,0,14,mux_21_64_1_1_U11,mux,Multiplexer,64,mux,0.84,175,"['2299', '2300', '2301', '2302']","['0', '0']",9,0,0,0,0
0_358,m2_0_load_2,0,14,not_exist,ram,RAM,128,load,2.26,204,['2312'],"['1', '1']",0,0,0,0,0
0_361,mult_2,0,14,dmul_64ns_64ns_64_5_full_dsp_1_U5,dmul,DMul_fulldsp,64,dmul,6.50,330,"['2315', '2316']","['3', '4']",213,282,10,0,0
0_365,sum_2,0,15,dadd_64ns_64ns_64_5_full_dsp_1_U1,dadd,DAddSub_fulldsp,64,dadd,5.86,1054,"['2317', '2318']","['17', '4']",782,445,3,0,0
0_373,lshr_ln14_6,0,14,lshr_ln14_6_fu_2527_p2,lshr,Shifter,128,lshr,2.37,177,"['2320', '2321']","['0', '0']",423,0,0,0,0
0_377,lshr_ln14_7,0,14,lshr_ln14_7_fu_2545_p2,lshr,Shifter,128,lshr,2.37,181,"['2325', '2326']","['0', '0']",423,0,0,0,0
0_380,tmp_s,0,14,mux_21_64_1_1_U12,mux,Multiplexer,64,mux,0.84,184,"['2329', '2330', '2331', '2332']","['0', '0']",9,0,0,0,0
0_381,or_ln14,0,14,or_ln14_fu_2635_p2,not_exist,not_exist,7,or,0.00,205,"['2333', '2334']","['1', '0']",8,0,0,0,0
0_385,m2_0_load_3,0,14,not_exist,ram,RAM,128,load,2.26,209,['2340'],"['1', '1']",0,0,0,0,0
0_388,mult_3,0,14,dmul_64ns_64ns_64_5_full_dsp_1_U6,dmul,DMul_fulldsp,64,dmul,6.50,332,"['2343', '2344']","['3', '4']",213,282,10,0,0
0_392,sum_3,0,15,dadd_64ns_64ns_64_5_full_dsp_1_U1,dadd,DAddSub_fulldsp,64,dadd,5.86,1079,"['2345', '2346']","['22', '4']",782,445,3,0,0
0_400,lshr_ln14_8,0,14,lshr_ln14_8_fu_2573_p2,lshr,Shifter,128,lshr,2.37,186,"['2348', '2349']","['0', '0']",423,0,0,0,0
0_404,lshr_ln14_9,0,14,lshr_ln14_9_fu_2655_p2,lshr,Shifter,128,lshr,2.37,212,"['2353', '2354']","['1', '0']",423,0,0,0,0
0_407,tmp_1,0,14,mux_21_64_1_1_U13,mux,Multiplexer,64,mux,0.84,215,"['2357', '2358', '2359', '2360']","['1', '0']",9,0,0,0,0
0_411,m2_0_load_4,0,14,not_exist,ram,RAM,128,load,2.26,273,['2370'],"['2', '1']",0,0,0,0,0
0_414,mult_4,0,14,dmul_64ns_64ns_64_5_full_dsp_1_U5,dmul,DMul_fulldsp,64,dmul,6.50,399,"['2373', '2374']","['4', '4']",213,282,10,0,0
0_418,sum_4,0,15,dadd_64ns_64ns_64_5_full_dsp_1_U1,dadd,DAddSub_fulldsp,64,dadd,5.86,1102,"['2375', '2376']","['27', '4']",782,445,3,0,0
0_426,lshr_ln14_10,0,14,lshr_ln14_10_fu_2680_p2,lshr,Shifter,128,lshr,2.37,217,"['2378', '2379']","['1', '0']",423,0,0,0,0
0_430,lshr_ln14_11,0,14,lshr_ln14_11_fu_2696_p2,lshr,Shifter,128,lshr,2.37,221,"['2383', '2384']","['1', '0']",423,0,0,0,0
0_433,tmp_3,0,14,mux_21_64_1_1_U14,mux,Multiplexer,64,mux,0.84,224,"['2387', '2388', '2389', '2390']","['1', '0']",9,0,0,0,0
0_437,m2_0_load_5,0,14,not_exist,ram,RAM,128,load,2.26,277,['2399'],"['2', '1']",0,0,0,0,0
0_440,mult_5,0,14,dmul_64ns_64ns_64_5_full_dsp_1_U6,dmul,DMul_fulldsp,64,dmul,6.50,401,"['2402', '2403']","['4', '4']",213,282,10,0,0
0_444,sum_5,0,15,dadd_64ns_64ns_64_5_full_dsp_1_U1,dadd,DAddSub_fulldsp,64,dadd,5.86,1103,"['2404', '2405']","['32', '4']",782,445,3,0,0
0_452,lshr_ln14_12,0,14,lshr_ln14_12_fu_2721_p2,lshr,Shifter,128,lshr,2.37,226,"['2407', '2408']","['1', '0']",423,0,0,0,0
0_456,lshr_ln14_13,0,14,lshr_ln14_13_fu_2737_p2,lshr,Shifter,128,lshr,2.37,230,"['2412', '2413']","['1', '0']",423,0,0,0,0
0_459,tmp_4,0,14,mux_21_64_1_1_U15,mux,Multiplexer,64,mux,0.84,233,"['2416', '2417', '2418', '2419']","['1', '0']",9,0,0,0,0
0_463,m2_0_load_6,0,14,not_exist,ram,RAM,128,load,2.26,338,['2425'],"['3', '1']",0,0,0,0,0
0_466,mult_6,0,14,dmul_64ns_64ns_64_5_full_dsp_1_U5,dmul,DMul_fulldsp,64,dmul,6.50,464,"['2428', '2429']","['5', '4']",213,282,10,0,0
0_470,sum_6,0,15,dadd_64ns_64ns_64_5_full_dsp_1_U1,dadd,DAddSub_fulldsp,64,dadd,5.86,1104,"['2430', '2431']","['37', '4']",782,445,3,0,0
0_478,lshr_ln14_14,0,14,lshr_ln14_14_fu_2762_p2,lshr,Shifter,128,lshr,2.37,235,"['2433', '2434']","['1', '0']",423,0,0,0,0
0_482,lshr_ln14_15,0,14,lshr_ln14_15_fu_2778_p2,lshr,Shifter,128,lshr,2.37,239,"['2438', '2439']","['1', '0']",423,0,0,0,0
0_485,tmp_5,0,14,mux_21_64_1_1_U16,mux,Multiplexer,64,mux,0.84,242,"['2442', '2443', '2444', '2445']","['1', '0']",9,0,0,0,0
0_489,m2_0_load_7,0,14,not_exist,ram,RAM,128,load,2.26,342,['2451'],"['3', '1']",0,0,0,0,0
0_492,mult_7,0,14,dmul_64ns_64ns_64_5_full_dsp_1_U6,dmul,DMul_fulldsp,64,dmul,6.50,466,"['2454', '2455']","['5', '4']",213,282,10,0,0
0_496,sum_7,0,15,dadd_64ns_64ns_64_5_full_dsp_1_U1,dadd,DAddSub_fulldsp,64,dadd,5.86,1105,"['2456', '2457']","['42', '4']",782,445,3,0,0
0_504,lshr_ln14_16,0,14,lshr_ln14_16_fu_2803_p2,lshr,Shifter,128,lshr,2.37,244,"['2459', '2460']","['1', '0']",423,0,0,0,0
0_508,lshr_ln14_17,0,14,lshr_ln14_17_fu_2819_p2,lshr,Shifter,128,lshr,2.37,248,"['2464', '2465']","['1', '0']",423,0,0,0,0
0_511,tmp_6,0,14,mux_21_64_1_1_U17,mux,Multiplexer,64,mux,0.84,251,"['2468', '2469', '2470', '2471']","['1', '0']",9,0,0,0,0
0_515,m2_0_load_8,0,14,not_exist,ram,RAM,128,load,2.26,407,['2481'],"['4', '1']",0,0,0,0,0
0_518,mult_8,0,14,dmul_64ns_64ns_64_5_full_dsp_1_U5,dmul,DMul_fulldsp,64,dmul,6.50,533,"['2484', '2485']","['6', '4']",213,282,10,0,0
0_522,sum_8,0,15,dadd_64ns_64ns_64_5_full_dsp_1_U1,dadd,DAddSub_fulldsp,64,dadd,5.86,1106,"['2486', '2487']","['47', '4']",782,445,3,0,0
0_530,lshr_ln14_18,0,14,lshr_ln14_18_fu_2916_p2,lshr,Shifter,128,lshr,2.37,279,"['2489', '2490']","['2', '0']",423,0,0,0,0
0_534,lshr_ln14_19,0,14,lshr_ln14_19_fu_2932_p2,lshr,Shifter,128,lshr,2.37,283,"['2494', '2495']","['2', '0']",423,0,0,0,0
0_537,tmp_8,0,14,mux_21_64_1_1_U18,mux,Multiplexer,64,mux,0.84,286,"['2498', '2499', '2500', '2501']","['2', '0']",9,0,0,0,0
0_541,m2_0_load_9,0,14,not_exist,ram,RAM,128,load,2.26,411,['2510'],"['4', '1']",0,0,0,0,0
0_544,mult_9,0,14,dmul_64ns_64ns_64_5_full_dsp_1_U6,dmul,DMul_fulldsp,64,dmul,6.50,535,"['2513', '2514']","['6', '4']",213,282,10,0,0
0_548,sum_9,0,15,dadd_64ns_64ns_64_5_full_dsp_1_U1,dadd,DAddSub_fulldsp,64,dadd,5.86,1107,"['2515', '2516']","['52', '4']",782,445,3,0,0
0_556,lshr_ln14_20,0,14,lshr_ln14_20_fu_2957_p2,lshr,Shifter,128,lshr,2.37,288,"['2518', '2519']","['2', '0']",423,0,0,0,0
0_560,lshr_ln14_21,0,14,lshr_ln14_21_fu_2973_p2,lshr,Shifter,128,lshr,2.37,292,"['2523', '2524']","['2', '0']",423,0,0,0,0
0_563,tmp_10,0,14,mux_21_64_1_1_U19,mux,Multiplexer,64,mux,0.84,295,"['2527', '2528', '2529', '2530']","['2', '0']",9,0,0,0,0
0_567,m2_0_load_10,0,14,not_exist,ram,RAM,128,load,2.26,472,['2539'],"['5', '1']",0,0,0,0,0
0_570,mult_10,0,14,dmul_64ns_64ns_64_5_full_dsp_1_U5,dmul,DMul_fulldsp,64,dmul,6.50,597,"['2542', '2543']","['7', '4']",213,282,10,0,0
0_574,sum_10,0,15,dadd_64ns_64ns_64_5_full_dsp_1_U1,dadd,DAddSub_fulldsp,64,dadd,5.86,1108,"['2544', '2545']","['57', '4']",782,445,3,0,0
0_582,lshr_ln14_22,0,14,lshr_ln14_22_fu_2998_p2,lshr,Shifter,128,lshr,2.37,297,"['2547', '2548']","['2', '0']",423,0,0,0,0
0_586,lshr_ln14_23,0,14,lshr_ln14_23_fu_3014_p2,lshr,Shifter,128,lshr,2.37,301,"['2552', '2553']","['2', '0']",423,0,0,0,0
0_589,tmp_11,0,14,mux_21_64_1_1_U20,mux,Multiplexer,64,mux,0.84,304,"['2556', '2557', '2558', '2559']","['2', '0']",9,0,0,0,0
0_593,m2_0_load_11,0,14,not_exist,ram,RAM,128,load,2.26,476,['2568'],"['5', '1']",0,0,0,0,0
0_596,mult_11,0,14,dmul_64ns_64ns_64_5_full_dsp_1_U6,dmul,DMul_fulldsp,64,dmul,6.50,599,"['2571', '2572']","['7', '4']",213,282,10,0,0
0_600,sum_11,0,15,dadd_64ns_64ns_64_5_full_dsp_1_U1,dadd,DAddSub_fulldsp,64,dadd,5.86,1109,"['2573', '2574']","['62', '4']",782,445,3,0,0
0_608,lshr_ln14_24,0,14,lshr_ln14_24_fu_3039_p2,lshr,Shifter,128,lshr,2.37,306,"['2576', '2577']","['2', '0']",423,0,0,0,0
0_612,lshr_ln14_25,0,14,lshr_ln14_25_fu_3055_p2,lshr,Shifter,128,lshr,2.37,310,"['2581', '2582']","['2', '0']",423,0,0,0,0
0_615,tmp_12,0,14,mux_21_64_1_1_U21,mux,Multiplexer,64,mux,0.84,313,"['2585', '2586', '2587', '2588']","['2', '0']",9,0,0,0,0
0_619,m2_0_load_12,0,14,not_exist,ram,RAM,128,load,2.26,541,['2594'],"['6', '1']",0,0,0,0,0
0_622,mult_12,0,14,dmul_64ns_64ns_64_5_full_dsp_1_U5,dmul,DMul_fulldsp,64,dmul,6.50,653,"['2597', '2598']","['8', '4']",213,282,10,0,0
0_626,sum_12,0,15,dadd_64ns_64ns_64_5_full_dsp_1_U1,dadd,DAddSub_fulldsp,64,dadd,5.86,1110,"['2599', '2600']","['67', '4']",782,445,3,0,0
0_634,lshr_ln14_26,0,14,lshr_ln14_26_fu_3080_p2,lshr,Shifter,128,lshr,2.37,315,"['2602', '2603']","['2', '0']",423,0,0,0,0
0_638,lshr_ln14_27,0,14,lshr_ln14_27_fu_3158_p2,lshr,Shifter,128,lshr,2.37,345,"['2607', '2608']","['3', '0']",423,0,0,0,0
0_641,tmp_13,0,14,mux_21_64_1_1_U22,mux,Multiplexer,64,mux,0.84,348,"['2611', '2612', '2613', '2614']","['3', '0']",9,0,0,0,0
0_646,m2_0_load_13,0,14,not_exist,ram,RAM,128,load,2.26,546,['2624'],"['6', '1']",0,0,0,0,0
0_649,mult_13,0,14,dmul_64ns_64ns_64_5_full_dsp_1_U6,dmul,DMul_fulldsp,64,dmul,6.50,655,"['2627', '2628']","['8', '4']",213,282,10,0,0
0_653,sum_13,0,15,dadd_64ns_64ns_64_5_full_dsp_1_U1,dadd,DAddSub_fulldsp,64,dadd,5.86,1111,"['2629', '2630']","['72', '4']",782,445,3,0,0
0_661,lshr_ln14_28,0,14,lshr_ln14_28_fu_3183_p2,lshr,Shifter,128,lshr,2.37,350,"['2632', '2633']","['3', '0']",423,0,0,0,0
0_665,lshr_ln14_29,0,14,lshr_ln14_29_fu_3199_p2,lshr,Shifter,128,lshr,2.37,354,"['2637', '2638']","['3', '0']",423,0,0,0,0
0_668,tmp_14,0,14,mux_21_64_1_1_U23,mux,Multiplexer,64,mux,0.84,357,"['2641', '2642', '2643', '2644']","['3', '0']",9,0,0,0,0
0_672,m2_0_load_14,0,14,not_exist,ram,RAM,128,load,2.26,605,['2650'],"['7', '1']",0,0,0,0,0
0_675,mult_14,0,14,dmul_64ns_64ns_64_5_full_dsp_1_U5,dmul,DMul_fulldsp,64,dmul,6.50,715,"['2653', '2654']","['9', '4']",213,282,10,0,0
0_679,sum_14,0,15,dadd_64ns_64ns_64_5_full_dsp_1_U1,dadd,DAddSub_fulldsp,64,dadd,5.86,1112,"['2655', '2656']","['77', '4']",782,445,3,0,0
0_687,lshr_ln14_30,0,14,lshr_ln14_30_fu_3224_p2,lshr,Shifter,128,lshr,2.37,359,"['2658', '2659']","['3', '0']",423,0,0,0,0
0_691,lshr_ln14_31,0,14,lshr_ln14_31_fu_3240_p2,lshr,Shifter,128,lshr,2.37,363,"['2663', '2664']","['3', '0']",423,0,0,0,0
0_694,tmp_15,0,14,mux_21_64_1_1_U24,mux,Multiplexer,64,mux,0.84,366,"['2667', '2668', '2669', '2670']","['3', '0']",9,0,0,0,0
0_698,m2_0_load_15,0,14,not_exist,ram,RAM,128,load,2.26,609,['2676'],"['7', '1']",0,0,0,0,0
0_701,mult_15,0,14,dmul_64ns_64ns_64_5_full_dsp_1_U6,dmul,DMul_fulldsp,64,dmul,6.50,717,"['2679', '2680']","['9', '4']",213,282,10,0,0
0_705,sum_15,0,15,dadd_64ns_64ns_64_5_full_dsp_1_U1,dadd,DAddSub_fulldsp,64,dadd,5.86,1113,"['2681', '2682']","['82', '4']",782,445,3,0,0
0_713,lshr_ln14_32,0,14,lshr_ln14_32_fu_3265_p2,lshr,Shifter,128,lshr,2.37,368,"['2684', '2685']","['3', '0']",423,0,0,0,0
0_717,lshr_ln14_33,0,14,lshr_ln14_33_fu_3281_p2,lshr,Shifter,128,lshr,2.37,372,"['2689', '2690']","['3', '0']",423,0,0,0,0
0_720,tmp_16,0,14,mux_21_64_1_1_U25,mux,Multiplexer,64,mux,0.84,375,"['2693', '2694', '2695', '2696']","['3', '0']",9,0,0,0,0
0_723,m2_0_load_16,0,14,not_exist,ram,RAM,128,load,2.26,659,['2701'],"['8', '1']",0,0,0,0,0
0_724,tmp_17,0,14,reg_2236,not_exist,not_exist,64,partselect,0.00,718,"['2703', '2704', '2706', '2708']","['9', '0']",0,64,0,0,0
0_726,mult_16,0,14,dmul_64ns_64ns_64_5_full_dsp_1_U5,dmul,DMul_fulldsp,64,dmul,6.50,774,"['2710', '2711']","['10', '4']",213,282,10,0,0
0_730,sum_16,0,15,dadd_64ns_64ns_64_5_full_dsp_1_U2,dadd,DAddSub_fulldsp,64,dadd,5.86,1114,"['2712', '2713']","['87', '4']",782,445,3,0,0
0_738,lshr_ln14_34,0,14,lshr_ln14_34_fu_3306_p2,lshr,Shifter,128,lshr,2.37,377,"['2715', '2716']","['3', '0']",423,0,0,0,0
0_742,lshr_ln14_35,0,14,lshr_ln14_35_fu_3322_p2,lshr,Shifter,128,lshr,2.37,381,"['2720', '2721']","['3', '0']",423,0,0,0,0
0_745,tmp_18,0,14,mux_21_64_1_1_U26,mux,Multiplexer,64,mux,0.84,384,"['2724', '2725', '2726', '2727']","['3', '0']",9,0,0,0,0
0_746,xor_ln14_1,0,14,grp_fu_2191_p2,xor,LogicGate,7,xor,0.54,252,"['2728', '2729']","['1', '0']",8,0,0,0,0
0_749,m2_0_load_17,0,14,not_exist,ram,RAM,128,load,2.26,662,['2734'],"['8', '1']",0,0,0,0,0
0_750,tmp_19,0,14,reg_2240,not_exist,not_exist,64,partselect,0.00,719,"['2735', '2736', '2737', '2738']","['9', '0']",0,64,0,0,0
0_752,mult_17,0,14,dmul_64ns_64ns_64_5_full_dsp_1_U6,dmul,DMul_fulldsp,64,dmul,6.50,776,"['2740', '2741']","['10', '4']",213,282,10,0,0
0_756,sum_17,0,15,dadd_64ns_64ns_64_5_full_dsp_1_U2,dadd,DAddSub_fulldsp,64,dadd,5.86,1115,"['2742', '2743']","['92', '4']",782,445,3,0,0
0_764,lshr_ln14_36,0,14,lshr_ln14_36_fu_3414_p2,lshr,Shifter,128,lshr,2.37,413,"['2745', '2746']","['4', '0']",423,0,0,0,0
0_768,lshr_ln14_37,0,14,lshr_ln14_37_fu_3430_p2,lshr,Shifter,128,lshr,2.37,417,"['2750', '2751']","['4', '0']",423,0,0,0,0
0_771,tmp_20,0,14,mux_21_64_1_1_U27,mux,Multiplexer,64,mux,0.84,420,"['2754', '2755', '2756', '2757']","['4', '0']",9,0,0,0,0
0_775,m2_0_load_18,0,14,not_exist,ram,RAM,128,load,2.26,721,['2766'],"['9', '1']",0,0,0,0,0
0_776,tmp_21,0,14,reg_2236,not_exist,not_exist,64,partselect,0.00,777,"['2767', '2768', '2769', '2770']","['10', '0']",0,64,0,0,0
0_778,mult_18,0,14,dmul_64ns_64ns_64_5_full_dsp_1_U5,dmul,DMul_fulldsp,64,dmul,6.50,830,"['2772', '2773']","['11', '4']",213,282,10,0,0
0_782,sum_18,0,15,dadd_64ns_64ns_64_5_full_dsp_1_U2,dadd,DAddSub_fulldsp,64,dadd,5.86,1116,"['2774', '2775']","['97', '4']",782,445,3,0,0
0_790,lshr_ln14_38,0,14,lshr_ln14_38_fu_3455_p2,lshr,Shifter,128,lshr,2.37,422,"['2777', '2778']","['4', '0']",423,0,0,0,0
0_794,lshr_ln14_39,0,14,lshr_ln14_39_fu_3471_p2,lshr,Shifter,128,lshr,2.37,426,"['2782', '2783']","['4', '0']",423,0,0,0,0
0_797,tmp_22,0,14,mux_21_64_1_1_U28,mux,Multiplexer,64,mux,0.84,429,"['2786', '2787', '2788', '2789']","['4', '0']",9,0,0,0,0
0_801,m2_0_load_19,0,14,not_exist,ram,RAM,128,load,2.26,723,['2795'],"['9', '1']",0,0,0,0,0
0_802,tmp_23,0,14,reg_2240,not_exist,not_exist,64,partselect,0.00,778,"['2796', '2797', '2798', '2799']","['10', '0']",0,64,0,0,0
0_804,mult_19,0,14,dmul_64ns_64ns_64_5_full_dsp_1_U6,dmul,DMul_fulldsp,64,dmul,6.50,832,"['2801', '2802']","['11', '4']",213,282,10,0,0
0_808,sum_19,0,15,dadd_64ns_64ns_64_5_full_dsp_1_U2,dadd,DAddSub_fulldsp,64,dadd,5.86,1117,"['2803', '2804']","['102', '4']",782,445,3,0,0
0_816,lshr_ln14_40,0,14,lshr_ln14_40_fu_3496_p2,lshr,Shifter,128,lshr,2.37,431,"['2806', '2807']","['4', '0']",423,0,0,0,0
0_820,lshr_ln14_41,0,14,lshr_ln14_41_fu_3512_p2,lshr,Shifter,128,lshr,2.37,435,"['2811', '2812']","['4', '0']",423,0,0,0,0
0_823,tmp_24,0,14,mux_21_64_1_1_U29,mux,Multiplexer,64,mux,0.84,438,"['2815', '2816', '2817', '2818']","['4', '0']",9,0,0,0,0
0_827,m2_0_load_20,0,14,not_exist,ram,RAM,128,load,2.26,780,['2826'],"['10', '1']",0,0,0,0,0
0_828,tmp_25,0,14,reg_2236,not_exist,not_exist,64,partselect,0.00,833,"['2827', '2828', '2829', '2830']","['11', '0']",0,64,0,0,0
0_830,mult_20,0,14,dmul_64ns_64ns_64_5_full_dsp_1_U5,dmul,DMul_fulldsp,64,dmul,6.50,884,"['2832', '2833']","['12', '4']",213,282,10,0,0
0_834,sum_20,0,15,dadd_64ns_64ns_64_5_full_dsp_1_U2,dadd,DAddSub_fulldsp,64,dadd,5.86,1118,"['2834', '2835']","['107', '4']",782,445,3,0,0
0_842,lshr_ln14_42,0,14,lshr_ln14_42_fu_3537_p2,lshr,Shifter,128,lshr,2.37,440,"['2837', '2838']","['4', '0']",423,0,0,0,0
0_846,lshr_ln14_43,0,14,lshr_ln14_43_fu_3553_p2,lshr,Shifter,128,lshr,2.37,444,"['2842', '2843']","['4', '0']",423,0,0,0,0
0_849,tmp_26,0,14,mux_21_64_1_1_U30,mux,Multiplexer,64,mux,0.84,447,"['2846', '2847', '2848', '2849']","['4', '0']",9,0,0,0,0
0_850,add_ln14,0,14,add_ln14_fu_3101_p2,add,Adder,9,add,1.35,319,"['2850', '2852']","['2', '0']",16,0,0,0,0
0_853,m2_0_load_21,0,14,not_exist,ram,RAM,128,load,2.26,782,['2857'],"['10', '1']",0,0,0,0,0
0_854,tmp_27,0,14,reg_2240,not_exist,not_exist,64,partselect,0.00,834,"['2858', '2859', '2860', '2861']","['11', '0']",0,64,0,0,0
0_856,mult_21,0,14,dmul_64ns_64ns_64_5_full_dsp_1_U6,dmul,DMul_fulldsp,64,dmul,6.50,886,"['2863', '2864']","['12', '4']",213,282,10,0,0
0_860,sum_21,0,15,dadd_64ns_64ns_64_5_full_dsp_1_U2,dadd,DAddSub_fulldsp,64,dadd,5.86,1119,"['2865', '2866']","['112', '4']",782,445,3,0,0
0_868,lshr_ln14_44,0,14,lshr_ln14_44_fu_3578_p2,lshr,Shifter,128,lshr,2.37,449,"['2868', '2869']","['4', '0']",423,0,0,0,0
0_872,lshr_ln14_45,0,14,lshr_ln14_45_fu_3664_p2,lshr,Shifter,128,lshr,2.37,479,"['2873', '2874']","['5', '0']",423,0,0,0,0
0_875,tmp_28,0,14,mux_21_64_1_1_U31,mux,Multiplexer,64,mux,0.84,482,"['2877', '2878', '2879', '2880']","['5', '0']",9,0,0,0,0
0_879,m2_0_load_22,0,14,not_exist,ram,RAM,128,load,2.26,836,['2886'],"['11', '1']",0,0,0,0,0
0_880,tmp_29,0,14,reg_2236,not_exist,not_exist,64,partselect,0.00,887,"['2887', '2888', '2889', '2890']","['12', '0']",0,64,0,0,0
0_882,mult_22,0,14,dmul_64ns_64ns_64_5_full_dsp_1_U5,dmul,DMul_fulldsp,64,dmul,6.50,940,"['2892', '2893']","['13', '4']",213,282,10,0,0
0_886,sum_22,0,15,dadd_64ns_64ns_64_5_full_dsp_1_U2,dadd,DAddSub_fulldsp,64,dadd,5.86,1120,"['2894', '2895']","['117', '4']",782,445,3,0,0
0_894,lshr_ln14_46,0,14,lshr_ln14_46_fu_3689_p2,lshr,Shifter,128,lshr,2.37,484,"['2897', '2898']","['5', '0']",423,0,0,0,0
0_898,lshr_ln14_47,0,14,lshr_ln14_47_fu_3705_p2,lshr,Shifter,128,lshr,2.37,488,"['2902', '2903']","['5', '0']",423,0,0,0,0
0_901,tmp_30,0,14,mux_21_64_1_1_U32,mux,Multiplexer,64,mux,0.84,491,"['2906', '2907', '2908', '2909']","['5', '0']",9,0,0,0,0
0_905,m2_0_load_23,0,14,not_exist,ram,RAM,128,load,2.26,838,['2915'],"['11', '1']",0,0,0,0,0
0_906,tmp_31,0,14,reg_2240,not_exist,not_exist,64,partselect,0.00,888,"['2916', '2917', '2918', '2919']","['12', '0']",0,64,0,0,0
0_908,mult_23,0,14,dmul_64ns_64ns_64_5_full_dsp_1_U6,dmul,DMul_fulldsp,64,dmul,6.50,942,"['2921', '2922']","['13', '4']",213,282,10,0,0
0_912,sum_23,0,15,dadd_64ns_64ns_64_5_full_dsp_1_U2,dadd,DAddSub_fulldsp,64,dadd,5.86,1121,"['2923', '2924']","['122', '4']",782,445,3,0,0
0_920,lshr_ln14_48,0,14,lshr_ln14_48_fu_3730_p2,lshr,Shifter,128,lshr,2.37,493,"['2926', '2927']","['5', '0']",423,0,0,0,0
0_924,lshr_ln14_49,0,14,lshr_ln14_49_fu_3746_p2,lshr,Shifter,128,lshr,2.37,497,"['2931', '2932']","['5', '0']",423,0,0,0,0
0_927,tmp_32,0,14,mux_21_64_1_1_U33,mux,Multiplexer,64,mux,0.84,500,"['2935', '2936', '2937', '2938']","['5', '0']",9,0,0,0,0
0_931,m2_0_load_24,0,14,not_exist,ram,RAM,128,load,2.26,890,['2947'],"['12', '1']",0,0,0,0,0
0_932,tmp_33,0,14,reg_2236,not_exist,not_exist,64,partselect,0.00,943,"['2948', '2949', '2950', '2951']","['13', '0']",0,64,0,0,0
0_934,mult_24,0,14,dmul_64ns_64ns_64_5_full_dsp_1_U5,dmul,DMul_fulldsp,64,dmul,6.50,993,"['2953', '2954']","['14', '4']",213,282,10,0,0
0_938,sum_24,0,15,dadd_64ns_64ns_64_5_full_dsp_1_U2,dadd,DAddSub_fulldsp,64,dadd,5.86,1122,"['2955', '2956']","['127', '4']",782,445,3,0,0
0_946,lshr_ln14_50,0,14,lshr_ln14_50_fu_3771_p2,lshr,Shifter,128,lshr,2.37,502,"['2958', '2959']","['5', '0']",423,0,0,0,0
0_950,lshr_ln14_51,0,14,lshr_ln14_51_fu_3787_p2,lshr,Shifter,128,lshr,2.37,506,"['2963', '2964']","['5', '0']",423,0,0,0,0
0_953,tmp_34,0,14,mux_21_64_1_1_U34,mux,Multiplexer,64,mux,0.84,509,"['2967', '2968', '2969', '2970']","['5', '0']",9,0,0,0,0
0_954,add_ln14_1,0,14,add_ln14_1_fu_3599_p2,add,Adder,10,add,1.34,453,"['2971', '2973']","['4', '0']",17,0,0,0,0
0_957,m2_0_load_25,0,14,not_exist,ram,RAM,128,load,2.26,892,['2978'],"['12', '1']",0,0,0,0,0
0_958,tmp,0,14,reg_2240,not_exist,not_exist,64,partselect,0.00,944,"['2979', '2980', '2981', '2982']","['13', '0']",0,64,0,0,0
0_960,mult_25,0,14,dmul_64ns_64ns_64_5_full_dsp_1_U6,dmul,DMul_fulldsp,64,dmul,6.50,995,"['2984', '2985']","['14', '4']",213,282,10,0,0
0_964,sum_25,0,15,dadd_64ns_64ns_64_5_full_dsp_1_U2,dadd,DAddSub_fulldsp,64,dadd,5.86,1123,"['2986', '2987']","['132', '4']",782,445,3,0,0
0_972,lshr_ln14_52,0,14,lshr_ln14_52_fu_3812_p2,lshr,Shifter,128,lshr,2.37,511,"['2989', '2990']","['5', '0']",423,0,0,0,0
0_976,lshr_ln14_53,0,14,lshr_ln14_53_fu_3828_p2,lshr,Shifter,128,lshr,2.37,515,"['2994', '2995']","['5', '0']",423,0,0,0,0
0_979,tmp_35,0,14,mux_21_64_1_1_U35,mux,Multiplexer,64,mux,0.84,518,"['2998', '2999', '3000', '3001']","['5', '0']",9,0,0,0,0
0_983,m2_0_load_26,0,14,not_exist,ram,RAM,128,load,2.26,946,['3009'],"['13', '1']",0,0,0,0,0
0_984,tmp_36,0,14,reg_2236,not_exist,not_exist,64,partselect,0.00,996,"['3010', '3011', '3012', '3013']","['14', '0']",0,64,0,0,0
0_986,mult_26,0,14,dmul_64ns_64ns_64_5_full_dsp_1_U5,dmul,DMul_fulldsp,64,dmul,6.50,1027,"['3015', '3016']","['15', '4']",213,282,10,0,0
0_990,sum_26,0,15,dadd_64ns_64ns_64_5_full_dsp_1_U2,dadd,DAddSub_fulldsp,64,dadd,5.86,1124,"['3017', '3018']","['137', '4']",782,445,3,0,0
0_998,lshr_ln14_54,0,14,lshr_ln14_54_fu_3927_p2,lshr,Shifter,128,lshr,2.37,548,"['3020', '3021']","['6', '0']",423,0,0,0,0
0_1002,lshr_ln14_55,0,14,lshr_ln14_55_fu_3943_p2,lshr,Shifter,128,lshr,2.37,552,"['3025', '3026']","['6', '0']",423,0,0,0,0
0_1005,tmp_37,0,14,mux_21_64_1_1_U36,mux,Multiplexer,64,mux,0.84,555,"['3029', '3030', '3031', '3032']","['6', '0']",9,0,0,0,0
0_1006,add_ln14_2,0,14,add_ln14_2_fu_3862_p2,add,Adder,10,add,1.34,521,"['3033', '3035']","['5', '0']",17,0,0,0,0
0_1009,m2_0_load_27,0,14,not_exist,ram,RAM,128,load,2.26,948,['3040'],"['13', '1']",0,0,0,0,0
0_1010,tmp_38,0,14,reg_2240,not_exist,not_exist,64,partselect,0.00,997,"['3041', '3042', '3043', '3044']","['14', '0']",0,64,0,0,0
0_1012,mult_27,0,14,dmul_64ns_64ns_64_5_full_dsp_1_U6,dmul,DMul_fulldsp,64,dmul,6.50,1029,"['3046', '3047']","['15', '4']",213,282,10,0,0
0_1016,sum_27,0,15,dadd_64ns_64ns_64_5_full_dsp_1_U2,dadd,DAddSub_fulldsp,64,dadd,5.86,1125,"['3048', '3049']","['142', '4']",782,445,3,0,0
0_1024,lshr_ln14_56,0,14,lshr_ln14_56_fu_3968_p2,lshr,Shifter,128,lshr,2.37,557,"['3051', '3052']","['6', '0']",423,0,0,0,0
0_1028,lshr_ln14_57,0,14,lshr_ln14_57_fu_3984_p2,lshr,Shifter,128,lshr,2.37,561,"['3056', '3057']","['6', '0']",423,0,0,0,0
0_1031,tmp_39,0,14,mux_21_64_1_1_U37,mux,Multiplexer,64,mux,0.84,564,"['3060', '3061', '3062', '3063']","['6', '0']",9,0,0,0,0
0_1035,m2_0_load_28,0,14,not_exist,ram,RAM,128,load,2.26,999,['3069'],"['14', '1']",0,0,0,0,0
0_1036,tmp_40,0,14,reg_2236,not_exist,not_exist,64,partselect,0.00,1030,"['3070', '3071', '3072', '3073']","['15', '0']",0,64,0,0,0
0_1038,mult_28,0,14,dmul_64ns_64ns_64_5_full_dsp_1_U5,dmul,DMul_fulldsp,64,dmul,6.50,1046,"['3075', '3076']","['16', '4']",213,282,10,0,0
0_1042,sum_28,0,15,dadd_64ns_64ns_64_5_full_dsp_1_U2,dadd,DAddSub_fulldsp,64,dadd,5.86,1126,"['3077', '3078']","['147', '4']",782,445,3,0,0
0_1050,lshr_ln14_58,0,14,lshr_ln14_58_fu_4017_p2,lshr,Shifter,128,lshr,2.37,568,"['3080', '3081']","['6', '0']",423,0,0,0,0
0_1054,lshr_ln14_59,0,14,lshr_ln14_59_fu_4033_p2,lshr,Shifter,128,lshr,2.37,572,"['3085', '3086']","['6', '0']",423,0,0,0,0
0_1057,tmp_41,0,14,mux_21_64_1_1_U38,mux,Multiplexer,64,mux,0.84,575,"['3089', '3090', '3091', '3092']","['6', '0']",9,0,0,0,0
0_1061,m2_0_load_29,0,14,not_exist,ram,RAM,128,load,2.26,1001,['3098'],"['14', '1']",0,0,0,0,0
0_1062,tmp_42,0,14,reg_2240,not_exist,not_exist,64,partselect,0.00,1031,"['3099', '3100', '3101', '3102']","['15', '0']",0,64,0,0,0
0_1064,mult_29,0,14,dmul_64ns_64ns_64_5_full_dsp_1_U6,dmul,DMul_fulldsp,64,dmul,6.50,1048,"['3104', '3105']","['16', '4']",213,282,10,0,0
0_1068,sum_29,0,15,dadd_64ns_64ns_64_5_full_dsp_1_U2,dadd,DAddSub_fulldsp,64,dadd,5.86,1127,"['3106', '3107']","['152', '4']",782,445,3,0,0
0_1076,lshr_ln14_60,0,14,lshr_ln14_60_fu_4066_p2,lshr,Shifter,128,lshr,2.37,579,"['3109', '3110']","['6', '0']",423,0,0,0,0
0_1080,lshr_ln14_61,0,14,lshr_ln14_61_fu_4082_p2,lshr,Shifter,128,lshr,2.37,583,"['3114', '3115']","['6', '0']",423,0,0,0,0
0_1083,tmp_43,0,14,mux_21_64_1_1_U39,mux,Multiplexer,64,mux,0.84,586,"['3118', '3119', '3120', '3121']","['6', '0']",9,0,0,0,0
0_1087,m2_0_load_30,0,14,not_exist,ram,RAM,128,load,2.26,1033,['3127'],"['15', '1']",0,0,0,0,0
0_1088,tmp_44,0,14,reg_2236,not_exist,not_exist,64,partselect,0.00,1049,"['3128', '3129', '3130', '3131']","['16', '0']",0,64,0,0,0
0_1090,mult_30,0,14,dmul_64ns_64ns_64_5_full_dsp_1_U5,dmul,DMul_fulldsp,64,dmul,6.50,1056,"['3133', '3134']","['17', '4']",213,282,10,0,0
0_1094,sum_30,0,15,dadd_64ns_64ns_64_5_full_dsp_1_U2,dadd,DAddSub_fulldsp,64,dadd,5.86,1128,"['3135', '3136']","['157', '4']",782,445,3,0,0
0_1102,lshr_ln14_62,0,14,lshr_ln14_62_fu_5757_p2,lshr,Shifter,128,lshr,2.37,1081,"['3138', '3139']","['22', '0']",423,0,0,0,0
0_1106,lshr_ln14_63,0,14,lshr_ln14_63_fu_5780_p2,lshr,Shifter,128,lshr,2.37,1089,"['3143', '3144']","['23', '0']",423,0,0,0,0
0_1109,tmp_45,0,14,mux_21_64_1_1_U72,mux,Multiplexer,64,mux,0.84,1092,"['3147', '3148', '3149', '3150']","['23', '0']",9,0,0,0,0
0_1110,xor_ln14,0,14,grp_fu_2191_p2,xor,LogicGate,7,xor,0.54,189,"['3151', '3152']","['0', '0']",8,0,0,0,0
0_1111,tmp_46,0,14,tmp_46_reg_6794,not_exist,not_exist,1,bitselect,0.00,190,"['3154', '3155', '3157']","['0', '0']",0,1,0,0,0
0_1116,m2_0_load_31,0,14,not_exist,ram,RAM,128,load,2.26,1035,['3167'],"['15', '1']",0,0,0,0,0
0_1118,lshr_ln14_64,0,14,lshr_ln14_64_fu_5805_p2,lshr,Shifter,128,lshr,2.37,1094,"['3169', '3170']","['23', '0']",423,0,0,0,0
0_1121,mult_31,0,14,dmul_64ns_64ns_64_5_full_dsp_1_U8,dmul,DMul_fulldsp,64,dmul,6.50,1101,"['3173', '3174']","['24', '4']",213,282,10,0,0
0_1125,sum_31,0,15,dadd_64ns_64ns_64_5_full_dsp_1_U2,dadd,DAddSub_fulldsp,64,dadd,5.86,1129,"['3175', '3176']","['162', '4']",782,445,3,0,0
0_1133,lshr_ln14_65,0,14,lshr_ln14_65_fu_4155_p2,lshr,Shifter,128,lshr,2.37,613,"['3178', '3179']","['7', '0']",423,0,0,0,0
0_1137,lshr_ln14_66,0,14,lshr_ln14_66_fu_4171_p2,lshr,Shifter,128,lshr,2.37,617,"['3183', '3184']","['7', '0']",423,0,0,0,0
0_1140,tmp_47,0,14,mux_21_64_1_1_U40,mux,Multiplexer,64,mux,0.84,620,"['3187', '3188', '3189', '3190']","['7', '0']",9,0,0,0,0
0_1142,m2_1_load,0,14,not_exist,ram,RAM,128,load,2.26,192,['3194'],"['0', '1']",0,0,0,0,0
0_1145,mult_32,0,14,dmul_64ns_64ns_64_5_full_dsp_1_U7,dmul,DMul_fulldsp,64,dmul,6.50,664,"['3197', '3198']","['8', '4']",213,282,10,0,0
0_1149,sum_32,0,15,dadd_64ns_64ns_64_5_full_dsp_1_U3,dadd,DAddSub_fulldsp,64,dadd,5.86,1130,"['3199', '3200']","['167', '4']",782,445,3,0,0
0_1157,lshr_ln14_67,0,14,lshr_ln14_67_fu_4196_p2,lshr,Shifter,128,lshr,2.37,622,"['3202', '3203']","['7', '0']",423,0,0,0,0
0_1161,lshr_ln14_68,0,14,lshr_ln14_68_fu_4212_p2,lshr,Shifter,128,lshr,2.37,626,"['3207', '3208']","['7', '0']",423,0,0,0,0
0_1164,tmp_48,0,14,mux_21_64_1_1_U41,mux,Multiplexer,64,mux,0.84,629,"['3211', '3212', '3213', '3214']","['7', '0']",9,0,0,0,0
0_1167,m2_1_load_1,0,14,not_exist,ram,RAM,128,load,2.26,195,['3219'],"['0', '1']",0,0,0,0,0
0_1170,mult_33,0,14,dmul_64ns_64ns_64_5_full_dsp_1_U7,dmul,DMul_fulldsp,64,dmul,6.50,727,"['3222', '3223']","['9', '4']",213,282,10,0,0
0_1174,sum_33,0,15,dadd_64ns_64ns_64_5_full_dsp_1_U3,dadd,DAddSub_fulldsp,64,dadd,5.86,1131,"['3224', '3225']","['172', '4']",782,445,3,0,0
0_1182,lshr_ln14_69,0,14,lshr_ln14_69_fu_4237_p2,lshr,Shifter,128,lshr,2.37,631,"['3227', '3228']","['7', '0']",423,0,0,0,0
0_1186,lshr_ln14_70,0,14,lshr_ln14_70_fu_4253_p2,lshr,Shifter,128,lshr,2.37,635,"['3232', '3233']","['7', '0']",423,0,0,0,0
0_1189,tmp_49,0,14,mux_21_64_1_1_U42,mux,Multiplexer,64,mux,0.84,638,"['3236', '3237', '3238', '3239']","['7', '0']",9,0,0,0,0
0_1191,m2_1_load_2,0,14,not_exist,ram,RAM,128,load,2.26,260,['3243'],"['1', '1']",0,0,0,0,0
0_1194,mult_34,0,14,dmul_64ns_64ns_64_5_full_dsp_1_U8,dmul,DMul_fulldsp,64,dmul,6.50,729,"['3246', '3247']","['9', '4']",213,282,10,0,0
0_1198,sum_34,0,15,dadd_64ns_64ns_64_5_full_dsp_1_U3,dadd,DAddSub_fulldsp,64,dadd,5.86,1132,"['3248', '3249']","['177', '4']",782,445,3,0,0
0_1206,lshr_ln14_71,0,14,lshr_ln14_71_fu_4278_p2,lshr,Shifter,128,lshr,2.37,640,"['3251', '3252']","['7', '0']",423,0,0,0,0
0_1210,lshr_ln14_72,0,14,lshr_ln14_72_fu_4334_p2,lshr,Shifter,128,lshr,2.37,667,"['3256', '3257']","['8', '0']",423,0,0,0,0
0_1213,tmp_50,0,14,mux_21_64_1_1_U43,mux,Multiplexer,64,mux,0.84,670,"['3260', '3261', '3262', '3263']","['8', '0']",9,0,0,0,0
0_1215,m2_1_load_3,0,14,not_exist,ram,RAM,128,load,2.26,262,['3267'],"['1', '1']",0,0,0,0,0
0_1218,mult_35,0,14,dmul_64ns_64ns_64_5_full_dsp_1_U7,dmul,DMul_fulldsp,64,dmul,6.50,784,"['3270', '3271']","['10', '4']",213,282,10,0,0
0_1222,sum_35,0,15,dadd_64ns_64ns_64_5_full_dsp_1_U3,dadd,DAddSub_fulldsp,64,dadd,5.86,1133,"['3272', '3273']","['182', '4']",782,445,3,0,0
0_1230,lshr_ln14_73,0,14,lshr_ln14_73_fu_4359_p2,lshr,Shifter,128,lshr,2.37,672,"['3275', '3276']","['8', '0']",423,0,0,0,0
0_1234,lshr_ln14_74,0,14,lshr_ln14_74_fu_4375_p2,lshr,Shifter,128,lshr,2.37,676,"['3280', '3281']","['8', '0']",423,0,0,0,0
0_1237,tmp_51,0,14,mux_21_64_1_1_U44,mux,Multiplexer,64,mux,0.84,679,"['3284', '3285', '3286', '3287']","['8', '0']",9,0,0,0,0
0_1239,m2_1_load_4,0,14,not_exist,ram,RAM,128,load,2.26,324,['3291'],"['2', '1']",0,0,0,0,0
0_1242,mult_36,0,14,dmul_64ns_64ns_64_5_full_dsp_1_U8,dmul,DMul_fulldsp,64,dmul,6.50,786,"['3294', '3295']","['10', '4']",213,282,10,0,0
0_1246,sum_36,0,15,dadd_64ns_64ns_64_5_full_dsp_1_U3,dadd,DAddSub_fulldsp,64,dadd,5.86,1134,"['3296', '3297']","['187', '4']",782,445,3,0,0
0_1254,lshr_ln14_75,0,14,lshr_ln14_75_fu_4400_p2,lshr,Shifter,128,lshr,2.37,681,"['3299', '3300']","['8', '0']",423,0,0,0,0
0_1258,lshr_ln14_76,0,14,lshr_ln14_76_fu_4416_p2,lshr,Shifter,128,lshr,2.37,685,"['3304', '3305']","['8', '0']",423,0,0,0,0
0_1261,tmp_52,0,14,mux_21_64_1_1_U45,mux,Multiplexer,64,mux,0.84,688,"['3308', '3309', '3310', '3311']","['8', '0']",9,0,0,0,0
0_1263,m2_1_load_5,0,14,not_exist,ram,RAM,128,load,2.26,326,['3315'],"['2', '1']",0,0,0,0,0
0_1266,mult_37,0,14,dmul_64ns_64ns_64_5_full_dsp_1_U7,dmul,DMul_fulldsp,64,dmul,6.50,840,"['3318', '3319']","['11', '4']",213,282,10,0,0
0_1270,sum_37,0,15,dadd_64ns_64ns_64_5_full_dsp_1_U3,dadd,DAddSub_fulldsp,64,dadd,5.86,1135,"['3320', '3321']","['192', '4']",782,445,3,0,0
0_1278,lshr_ln14_77,0,14,lshr_ln14_77_fu_4441_p2,lshr,Shifter,128,lshr,2.37,690,"['3323', '3324']","['8', '0']",423,0,0,0,0
0_1282,lshr_ln14_78,0,14,lshr_ln14_78_fu_4457_p2,lshr,Shifter,128,lshr,2.37,694,"['3328', '3329']","['8', '0']",423,0,0,0,0
0_1285,tmp_53,0,14,mux_21_64_1_1_U46,mux,Multiplexer,64,mux,0.84,697,"['3332', '3333', '3334', '3335']","['8', '0']",9,0,0,0,0
0_1287,m2_1_load_6,0,14,not_exist,ram,RAM,128,load,2.26,392,['3339'],"['3', '1']",0,0,0,0,0
0_1290,mult_38,0,14,dmul_64ns_64ns_64_5_full_dsp_1_U8,dmul,DMul_fulldsp,64,dmul,6.50,842,"['3342', '3343']","['11', '4']",213,282,10,0,0
0_1294,sum_38,0,15,dadd_64ns_64ns_64_5_full_dsp_1_U3,dadd,DAddSub_fulldsp,64,dadd,5.86,1136,"['3344', '3345']","['197', '4']",782,445,3,0,0
0_1302,lshr_ln14_79,0,14,lshr_ln14_79_fu_4482_p2,lshr,Shifter,128,lshr,2.37,699,"['3347', '3348']","['8', '0']",423,0,0,0,0
0_1306,lshr_ln14_80,0,14,lshr_ln14_80_fu_4498_p2,lshr,Shifter,128,lshr,2.37,703,"['3352', '3353']","['8', '0']",423,0,0,0,0
0_1309,tmp_54,0,14,mux_21_64_1_1_U47,mux,Multiplexer,64,mux,0.84,706,"['3356', '3357', '3358', '3359']","['8', '0']",9,0,0,0,0
0_1311,m2_1_load_7,0,14,not_exist,ram,RAM,128,load,2.26,394,['3363'],"['3', '1']",0,0,0,0,0
0_1314,mult_39,0,14,dmul_64ns_64ns_64_5_full_dsp_1_U7,dmul,DMul_fulldsp,64,dmul,6.50,894,"['3366', '3367']","['12', '4']",213,282,10,0,0
0_1318,sum_39,0,15,dadd_64ns_64ns_64_5_full_dsp_1_U3,dadd,DAddSub_fulldsp,64,dadd,5.86,1137,"['3368', '3369']","['202', '4']",782,445,3,0,0
0_1326,lshr_ln14_81,0,14,lshr_ln14_81_fu_4555_p2,lshr,Shifter,128,lshr,2.37,731,"['3371', '3372']","['9', '0']",423,0,0,0,0
0_1330,lshr_ln14_82,0,14,lshr_ln14_82_fu_4571_p2,lshr,Shifter,128,lshr,2.37,735,"['3376', '3377']","['9', '0']",423,0,0,0,0
0_1333,tmp_55,0,14,mux_21_64_1_1_U48,mux,Multiplexer,64,mux,0.84,738,"['3380', '3381', '3382', '3383']","['9', '0']",9,0,0,0,0
0_1335,m2_1_load_8,0,14,not_exist,ram,RAM,128,load,2.26,458,['3387'],"['4', '1']",0,0,0,0,0
0_1338,mult_40,0,14,dmul_64ns_64ns_64_5_full_dsp_1_U8,dmul,DMul_fulldsp,64,dmul,6.50,896,"['3390', '3391']","['12', '4']",213,282,10,0,0
0_1342,sum_40,0,15,dadd_64ns_64ns_64_5_full_dsp_1_U3,dadd,DAddSub_fulldsp,64,dadd,5.86,1138,"['3392', '3393']","['207', '4']",782,445,3,0,0
0_1350,lshr_ln14_83,0,14,lshr_ln14_83_fu_4596_p2,lshr,Shifter,128,lshr,2.37,740,"['3395', '3396']","['9', '0']",423,0,0,0,0
0_1354,lshr_ln14_84,0,14,lshr_ln14_84_fu_4612_p2,lshr,Shifter,128,lshr,2.37,744,"['3400', '3401']","['9', '0']",423,0,0,0,0
0_1357,tmp_56,0,14,mux_21_64_1_1_U49,mux,Multiplexer,64,mux,0.84,747,"['3404', '3405', '3406', '3407']","['9', '0']",9,0,0,0,0
0_1359,m2_1_load_9,0,14,not_exist,ram,RAM,128,load,2.26,460,['3411'],"['4', '1']",0,0,0,0,0
0_1362,mult_41,0,14,dmul_64ns_64ns_64_5_full_dsp_1_U7,dmul,DMul_fulldsp,64,dmul,6.50,950,"['3414', '3415']","['13', '4']",213,282,10,0,0
0_1366,sum_41,0,15,dadd_64ns_64ns_64_5_full_dsp_1_U3,dadd,DAddSub_fulldsp,64,dadd,5.86,1139,"['3416', '3417']","['212', '4']",782,445,3,0,0
0_1374,lshr_ln14_85,0,14,lshr_ln14_85_fu_4637_p2,lshr,Shifter,128,lshr,2.37,749,"['3419', '3420']","['9', '0']",423,0,0,0,0
0_1378,lshr_ln14_86,0,14,lshr_ln14_86_fu_4653_p2,lshr,Shifter,128,lshr,2.37,753,"['3424', '3425']","['9', '0']",423,0,0,0,0
0_1381,tmp_57,0,14,mux_21_64_1_1_U50,mux,Multiplexer,64,mux,0.84,756,"['3428', '3429', '3430', '3431']","['9', '0']",9,0,0,0,0
0_1383,m2_1_load_10,0,14,not_exist,ram,RAM,128,load,2.26,526,['3435'],"['5', '1']",0,0,0,0,0
0_1386,mult_42,0,14,dmul_64ns_64ns_64_5_full_dsp_1_U8,dmul,DMul_fulldsp,64,dmul,6.50,952,"['3438', '3439']","['13', '4']",213,282,10,0,0
0_1390,sum_42,0,15,dadd_64ns_64ns_64_5_full_dsp_1_U3,dadd,DAddSub_fulldsp,64,dadd,5.86,1140,"['3440', '3441']","['217', '4']",782,445,3,0,0
0_1398,lshr_ln14_87,0,14,lshr_ln14_87_fu_4678_p2,lshr,Shifter,128,lshr,2.37,758,"['3443', '3444']","['9', '0']",423,0,0,0,0
0_1402,lshr_ln14_88,0,14,lshr_ln14_88_fu_4694_p2,lshr,Shifter,128,lshr,2.37,762,"['3448', '3449']","['9', '0']",423,0,0,0,0
0_1405,tmp_58,0,14,mux_21_64_1_1_U51,mux,Multiplexer,64,mux,0.84,765,"['3452', '3453', '3454', '3455']","['9', '0']",9,0,0,0,0
0_1407,m2_1_load_11,0,14,not_exist,ram,RAM,128,load,2.26,528,['3459'],"['5', '1']",0,0,0,0,0
0_1410,mult_43,0,14,dmul_64ns_64ns_64_5_full_dsp_1_U7,dmul,DMul_fulldsp,64,dmul,6.50,1004,"['3462', '3463']","['14', '4']",213,282,10,0,0
0_1414,sum_43,0,15,dadd_64ns_64ns_64_5_full_dsp_1_U3,dadd,DAddSub_fulldsp,64,dadd,5.86,1141,"['3464', '3465']","['222', '4']",782,445,3,0,0
0_1422,lshr_ln14_89,0,14,lshr_ln14_89_fu_4719_p2,lshr,Shifter,128,lshr,2.37,767,"['3467', '3468']","['9', '0']",423,0,0,0,0
0_1426,lshr_ln14_90,0,14,lshr_ln14_90_fu_4752_p2,lshr,Shifter,128,lshr,2.37,789,"['3472', '3473']","['10', '0']",423,0,0,0,0
0_1429,tmp_59,0,14,mux_21_64_1_1_U52,mux,Multiplexer,64,mux,0.84,792,"['3476', '3477', '3478', '3479']","['10', '0']",9,0,0,0,0
0_1431,m2_1_load_12,0,14,not_exist,ram,RAM,128,load,2.26,590,['3483'],"['6', '1']",0,0,0,0,0
0_1434,mult_44,0,14,dmul_64ns_64ns_64_5_full_dsp_1_U8,dmul,DMul_fulldsp,64,dmul,6.50,1006,"['3486', '3487']","['14', '4']",213,282,10,0,0
0_1438,sum_44,0,15,dadd_64ns_64ns_64_5_full_dsp_1_U3,dadd,DAddSub_fulldsp,64,dadd,5.86,1142,"['3488', '3489']","['227', '4']",782,445,3,0,0
0_1446,lshr_ln14_91,0,14,lshr_ln14_91_fu_4777_p2,lshr,Shifter,128,lshr,2.37,794,"['3491', '3492']","['10', '0']",423,0,0,0,0
0_1450,lshr_ln14_92,0,14,lshr_ln14_92_fu_4793_p2,lshr,Shifter,128,lshr,2.37,798,"['3496', '3497']","['10', '0']",423,0,0,0,0
0_1453,tmp_60,0,14,mux_21_64_1_1_U53,mux,Multiplexer,64,mux,0.84,801,"['3500', '3501', '3502', '3503']","['10', '0']",9,0,0,0,0
0_1455,m2_1_load_13,0,14,not_exist,ram,RAM,128,load,2.26,592,['3507'],"['6', '1']",0,0,0,0,0
0_1458,mult_45,0,14,dmul_64ns_64ns_64_5_full_dsp_1_U7,dmul,DMul_fulldsp,64,dmul,6.50,1037,"['3510', '3511']","['15', '4']",213,282,10,0,0
0_1462,sum_45,0,15,dadd_64ns_64ns_64_5_full_dsp_1_U3,dadd,DAddSub_fulldsp,64,dadd,5.86,1143,"['3512', '3513']","['232', '4']",782,445,3,0,0
0_1470,lshr_ln14_93,0,14,lshr_ln14_93_fu_4818_p2,lshr,Shifter,128,lshr,2.37,803,"['3515', '3516']","['10', '0']",423,0,0,0,0
0_1474,lshr_ln14_94,0,14,lshr_ln14_94_fu_4834_p2,lshr,Shifter,128,lshr,2.37,807,"['3520', '3521']","['10', '0']",423,0,0,0,0
0_1477,tmp_61,0,14,mux_21_64_1_1_U54,mux,Multiplexer,64,mux,0.84,810,"['3524', '3525', '3526', '3527']","['10', '0']",9,0,0,0,0
0_1479,m2_1_load_14,0,14,not_exist,ram,RAM,128,load,2.26,645,['3531'],"['7', '1']",0,0,0,0,0
0_1482,mult_46,0,14,dmul_64ns_64ns_64_5_full_dsp_1_U8,dmul,DMul_fulldsp,64,dmul,6.50,1039,"['3534', '3535']","['15', '4']",213,282,10,0,0
0_1486,sum_46,0,15,dadd_64ns_64ns_64_5_full_dsp_1_U3,dadd,DAddSub_fulldsp,64,dadd,5.86,1144,"['3536', '3537']","['237', '4']",782,445,3,0,0
0_1494,lshr_ln14_95,0,14,lshr_ln14_95_fu_4859_p2,lshr,Shifter,128,lshr,2.37,812,"['3539', '3540']","['10', '0']",423,0,0,0,0
0_1498,lshr_ln14_96,0,14,lshr_ln14_96_fu_4875_p2,lshr,Shifter,128,lshr,2.37,816,"['3544', '3545']","['10', '0']",423,0,0,0,0
0_1501,tmp_62,0,14,mux_21_64_1_1_U55,mux,Multiplexer,64,mux,0.84,819,"['3548', '3549', '3550', '3551']","['10', '0']",9,0,0,0,0
0_1505,m2_1_load_15,0,14,not_exist,ram,RAM,128,load,2.26,649,['3557'],"['7', '1']",0,0,0,0,0
0_1508,mult_47,0,14,dmul_64ns_64ns_64_5_full_dsp_1_U7,dmul,DMul_fulldsp,64,dmul,6.50,1051,"['3560', '3561']","['16', '4']",213,282,10,0,0
0_1512,sum_47,0,15,dadd_64ns_64ns_64_5_full_dsp_1_U3,dadd,DAddSub_fulldsp,64,dadd,5.86,1145,"['3562', '3563']","['242', '4']",782,445,3,0,0
0_1520,lshr_ln14_97,0,14,lshr_ln14_97_fu_4900_p2,lshr,Shifter,128,lshr,2.37,821,"['3565', '3566']","['10', '0']",423,0,0,0,0
0_1524,lshr_ln14_98,0,14,lshr_ln14_98_fu_4916_p2,lshr,Shifter,128,lshr,2.37,825,"['3570', '3571']","['10', '0']",423,0,0,0,0
0_1527,tmp_63,0,14,mux_21_64_1_1_U56,mux,Multiplexer,64,mux,0.84,828,"['3574', '3575', '3576', '3577']","['10', '0']",9,0,0,0,0
0_1529,m2_1_load_16,0,14,not_exist,ram,RAM,128,load,2.26,710,['3581'],"['8', '1']",0,0,0,0,0
0_1530,tmp_64,0,14,tmp_92_reg_7605,not_exist,not_exist,64,partselect,0.00,769,"['3582', '3583', '3584', '3585']","['9', '0']",0,64,0,0,0
0_1532,mult_48,0,14,dmul_64ns_64ns_64_5_full_dsp_1_U8,dmul,DMul_fulldsp,64,dmul,6.50,1053,"['3587', '3588']","['16', '4']",213,282,10,0,0
0_1536,sum_48,0,15,dadd_64ns_64ns_64_5_full_dsp_1_U4,dadd,DAddSub_fulldsp,64,dadd,5.86,1146,"['3589', '3590']","['247', '4']",782,445,3,0,0
0_1544,lshr_ln14_99,0,14,lshr_ln14_99_fu_4959_p2,lshr,Shifter,128,lshr,2.37,844,"['3592', '3593']","['11', '0']",423,0,0,0,0
0_1548,lshr_ln14_100,0,14,lshr_ln14_100_fu_4975_p2,lshr,Shifter,128,lshr,2.37,848,"['3597', '3598']","['11', '0']",423,0,0,0,0
0_1551,tmp_65,0,14,mux_21_64_1_1_U57,mux,Multiplexer,64,mux,0.84,851,"['3601', '3602', '3603', '3604']","['11', '0']",9,0,0,0,0
0_1553,m2_1_load_17,0,14,not_exist,ram,RAM,128,load,2.26,712,['3608'],"['8', '1']",0,0,0,0,0
0_1554,tmp_66,0,14,tmp_90_reg_7510,not_exist,not_exist,64,partselect,0.00,770,"['3609', '3610', '3611', '3612']","['9', '0']",0,64,0,0,0
0_1556,mult_49,0,14,dmul_64ns_64ns_64_5_full_dsp_1_U6,dmul,DMul_fulldsp,64,dmul,6.50,1058,"['3614', '3615']","['17', '4']",213,282,10,0,0
0_1560,sum_49,0,15,dadd_64ns_64ns_64_5_full_dsp_1_U4,dadd,DAddSub_fulldsp,64,dadd,5.86,1147,"['3616', '3617']","['252', '4']",782,445,3,0,0
0_1568,lshr_ln14_101,0,14,lshr_ln14_101_fu_5000_p2,lshr,Shifter,128,lshr,2.37,853,"['3619', '3620']","['11', '0']",423,0,0,0,0
0_1572,lshr_ln14_102,0,14,lshr_ln14_102_fu_5016_p2,lshr,Shifter,128,lshr,2.37,857,"['3624', '3625']","['11', '0']",423,0,0,0,0
0_1575,tmp_67,0,14,mux_21_64_1_1_U58,mux,Multiplexer,64,mux,0.84,860,"['3628', '3629', '3630', '3631']","['11', '0']",9,0,0,0,0
0_1576,tmp_68,0,14,tmp_92_reg_7605,not_exist,not_exist,64,partselect,0.00,327,"['3632', '3633', '3634', '3635']","['2', '0']",0,64,0,0,0
0_1578,mult_50,0,14,dmul_64ns_64ns_64_5_full_dsp_1_U7,dmul,DMul_fulldsp,64,dmul,6.50,1060,"['3637', '3638']","['17', '4']",213,282,10,0,0
0_1582,sum_50,0,15,dadd_64ns_64ns_64_5_full_dsp_1_U4,dadd,DAddSub_fulldsp,64,dadd,5.86,1148,"['3639', '3640']","['257', '4']",782,445,3,0,0
0_1590,lshr_ln14_103,0,14,lshr_ln14_103_fu_5041_p2,lshr,Shifter,128,lshr,2.37,862,"['3642', '3643']","['11', '0']",423,0,0,0,0
0_1594,lshr_ln14_104,0,14,lshr_ln14_104_fu_5057_p2,lshr,Shifter,128,lshr,2.37,866,"['3647', '3648']","['11', '0']",423,0,0,0,0
0_1597,tmp_69,0,14,mux_21_64_1_1_U59,mux,Multiplexer,64,mux,0.84,869,"['3651', '3652', '3653', '3654']","['11', '0']",9,0,0,0,0
0_1598,tmp_70,0,14,tmp_90_reg_7510,not_exist,not_exist,64,partselect,0.00,328,"['3655', '3656', '3657', '3658']","['2', '0']",0,64,0,0,0
0_1600,mult_51,0,14,dmul_64ns_64ns_64_5_full_dsp_1_U8,dmul,DMul_fulldsp,64,dmul,6.50,1062,"['3660', '3661']","['17', '4']",213,282,10,0,0
0_1604,sum_51,0,15,dadd_64ns_64ns_64_5_full_dsp_1_U4,dadd,DAddSub_fulldsp,64,dadd,5.86,1149,"['3662', '3663']","['262', '4']",782,445,3,0,0
0_1612,lshr_ln14_105,0,14,lshr_ln14_105_fu_5082_p2,lshr,Shifter,128,lshr,2.37,871,"['3665', '3666']","['11', '0']",423,0,0,0,0
0_1616,lshr_ln14_106,0,14,lshr_ln14_106_fu_5098_p2,lshr,Shifter,128,lshr,2.37,875,"['3670', '3671']","['11', '0']",423,0,0,0,0
0_1619,tmp_71,0,14,mux_21_64_1_1_U60,mux,Multiplexer,64,mux,0.84,878,"['3674', '3675', '3676', '3677']","['11', '0']",9,0,0,0,0
0_1620,tmp_72,0,14,tmp_92_reg_7605,not_exist,not_exist,64,partselect,0.00,395,"['3678', '3679', '3680', '3681']","['3', '0']",0,64,0,0,0
0_1622,mult_52,0,14,dmul_64ns_64ns_64_5_full_dsp_1_U7,dmul,DMul_fulldsp,64,dmul,6.50,1064,"['3683', '3684']","['18', '4']",213,282,10,0,0
0_1626,sum_52,0,15,dadd_64ns_64ns_64_5_full_dsp_1_U4,dadd,DAddSub_fulldsp,64,dadd,5.86,1150,"['3685', '3686']","['267', '4']",782,445,3,0,0
0_1634,lshr_ln14_107,0,14,lshr_ln14_107_fu_5123_p2,lshr,Shifter,128,lshr,2.37,880,"['3688', '3689']","['11', '0']",423,0,0,0,0
0_1638,lshr_ln14_108,0,14,lshr_ln14_108_fu_5156_p2,lshr,Shifter,128,lshr,2.37,899,"['3693', '3694']","['12', '0']",423,0,0,0,0
0_1641,tmp_73,0,14,mux_21_64_1_1_U61,mux,Multiplexer,64,mux,0.84,902,"['3697', '3698', '3699', '3700']","['12', '0']",9,0,0,0,0
0_1642,tmp_74,0,14,tmp_90_reg_7510,not_exist,not_exist,64,partselect,0.00,396,"['3701', '3702', '3703', '3704']","['3', '0']",0,64,0,0,0
0_1644,mult_53,0,14,dmul_64ns_64ns_64_5_full_dsp_1_U8,dmul,DMul_fulldsp,64,dmul,6.50,1066,"['3706', '3707']","['18', '4']",213,282,10,0,0
0_1648,sum_53,0,15,dadd_64ns_64ns_64_5_full_dsp_1_U4,dadd,DAddSub_fulldsp,64,dadd,5.86,1151,"['3708', '3709']","['272', '4']",782,445,3,0,0
0_1656,lshr_ln14_109,0,14,lshr_ln14_109_fu_5181_p2,lshr,Shifter,128,lshr,2.37,904,"['3711', '3712']","['12', '0']",423,0,0,0,0
0_1660,lshr_ln14_110,0,14,lshr_ln14_110_fu_5197_p2,lshr,Shifter,128,lshr,2.37,908,"['3716', '3717']","['12', '0']",423,0,0,0,0
0_1663,tmp_75,0,14,mux_21_64_1_1_U62,mux,Multiplexer,64,mux,0.84,911,"['3720', '3721', '3722', '3723']","['12', '0']",9,0,0,0,0
0_1664,tmp_76,0,14,tmp_92_reg_7605,not_exist,not_exist,64,partselect,0.00,461,"['3724', '3725', '3726', '3727']","['4', '0']",0,64,0,0,0
0_1666,mult_54,0,14,dmul_64ns_64ns_64_5_full_dsp_1_U7,dmul,DMul_fulldsp,64,dmul,6.50,1068,"['3729', '3730']","['19', '4']",213,282,10,0,0
0_1670,sum_54,0,15,dadd_64ns_64ns_64_5_full_dsp_1_U4,dadd,DAddSub_fulldsp,64,dadd,5.86,1152,"['3731', '3732']","['277', '4']",782,445,3,0,0
0_1678,lshr_ln14_111,0,14,lshr_ln14_111_fu_5222_p2,lshr,Shifter,128,lshr,2.37,913,"['3734', '3735']","['12', '0']",423,0,0,0,0
0_1682,lshr_ln14_112,0,14,lshr_ln14_112_fu_5238_p2,lshr,Shifter,128,lshr,2.37,917,"['3739', '3740']","['12', '0']",423,0,0,0,0
0_1685,tmp_77,0,14,mux_21_64_1_1_U63,mux,Multiplexer,64,mux,0.84,920,"['3743', '3744', '3745', '3746']","['12', '0']",9,0,0,0,0
0_1686,tmp_78,0,14,tmp_90_reg_7510,not_exist,not_exist,64,partselect,0.00,462,"['3747', '3748', '3749', '3750']","['4', '0']",0,64,0,0,0
0_1688,mult_55,0,14,dmul_64ns_64ns_64_5_full_dsp_1_U8,dmul,DMul_fulldsp,64,dmul,6.50,1070,"['3752', '3753']","['19', '4']",213,282,10,0,0
0_1692,sum_55,0,15,dadd_64ns_64ns_64_5_full_dsp_1_U4,dadd,DAddSub_fulldsp,64,dadd,5.86,1153,"['3754', '3755']","['282', '4']",782,445,3,0,0
0_1700,lshr_ln14_113,0,14,lshr_ln14_113_fu_5263_p2,lshr,Shifter,128,lshr,2.37,922,"['3757', '3758']","['12', '0']",423,0,0,0,0
0_1704,lshr_ln14_114,0,14,lshr_ln14_114_fu_5279_p2,lshr,Shifter,128,lshr,2.37,926,"['3762', '3763']","['12', '0']",423,0,0,0,0
0_1707,tmp_79,0,14,mux_21_64_1_1_U64,mux,Multiplexer,64,mux,0.84,929,"['3766', '3767', '3768', '3769']","['12', '0']",9,0,0,0,0
0_1708,tmp_80,0,14,tmp_92_reg_7605,not_exist,not_exist,64,partselect,0.00,529,"['3770', '3771', '3772', '3773']","['5', '0']",0,64,0,0,0
0_1710,mult_56,0,14,dmul_64ns_64ns_64_5_full_dsp_1_U7,dmul,DMul_fulldsp,64,dmul,6.50,1072,"['3775', '3776']","['20', '4']",213,282,10,0,0
0_1714,sum_56,0,15,dadd_64ns_64ns_64_5_full_dsp_1_U4,dadd,DAddSub_fulldsp,64,dadd,5.86,1154,"['3777', '3778']","['287', '4']",782,445,3,0,0
0_1722,lshr_ln14_115,0,14,lshr_ln14_115_fu_5304_p2,lshr,Shifter,128,lshr,2.37,931,"['3780', '3781']","['12', '0']",423,0,0,0,0
0_1726,lshr_ln14_116,0,14,lshr_ln14_116_fu_5320_p2,lshr,Shifter,128,lshr,2.37,935,"['3785', '3786']","['12', '0']",423,0,0,0,0
0_1729,tmp_81,0,14,mux_21_64_1_1_U65,mux,Multiplexer,64,mux,0.84,938,"['3789', '3790', '3791', '3792']","['12', '0']",9,0,0,0,0
0_1730,tmp_82,0,14,tmp_90_reg_7510,not_exist,not_exist,64,partselect,0.00,530,"['3793', '3794', '3795', '3796']","['5', '0']",0,64,0,0,0
0_1732,mult_57,0,14,dmul_64ns_64ns_64_5_full_dsp_1_U8,dmul,DMul_fulldsp,64,dmul,6.50,1074,"['3798', '3799']","['20', '4']",213,282,10,0,0
0_1736,sum_57,0,15,dadd_64ns_64ns_64_5_full_dsp_1_U4,dadd,DAddSub_fulldsp,64,dadd,5.86,1155,"['3800', '3801']","['292', '4']",782,445,3,0,0
0_1744,lshr_ln14_117,0,14,lshr_ln14_117_fu_5363_p2,lshr,Shifter,128,lshr,2.37,954,"['3803', '3804']","['13', '0']",423,0,0,0,0
0_1748,lshr_ln14_118,0,14,lshr_ln14_118_fu_5379_p2,lshr,Shifter,128,lshr,2.37,958,"['3808', '3809']","['13', '0']",423,0,0,0,0
0_1751,tmp_83,0,14,mux_21_64_1_1_U66,mux,Multiplexer,64,mux,0.84,961,"['3812', '3813', '3814', '3815']","['13', '0']",9,0,0,0,0
0_1752,tmp_84,0,14,tmp_92_reg_7605,not_exist,not_exist,64,partselect,0.00,593,"['3816', '3817', '3818', '3819']","['6', '0']",0,64,0,0,0
0_1754,mult_58,0,14,dmul_64ns_64ns_64_5_full_dsp_1_U7,dmul,DMul_fulldsp,64,dmul,6.50,1076,"['3821', '3822']","['21', '4']",213,282,10,0,0
0_1758,sum_58,0,15,dadd_64ns_64ns_64_5_full_dsp_1_U4,dadd,DAddSub_fulldsp,64,dadd,5.86,1156,"['3823', '3824']","['297', '4']",782,445,3,0,0
0_1766,lshr_ln14_119,0,14,lshr_ln14_119_fu_5404_p2,lshr,Shifter,128,lshr,2.37,963,"['3826', '3827']","['13', '0']",423,0,0,0,0
0_1770,lshr_ln14_120,0,14,lshr_ln14_120_fu_5420_p2,lshr,Shifter,128,lshr,2.37,967,"['3831', '3832']","['13', '0']",423,0,0,0,0
0_1773,tmp_85,0,14,mux_21_64_1_1_U67,mux,Multiplexer,64,mux,0.84,970,"['3835', '3836', '3837', '3838']","['13', '0']",9,0,0,0,0
0_1774,tmp_86,0,14,tmp_90_reg_7510,not_exist,not_exist,64,partselect,0.00,594,"['3839', '3840', '3841', '3842']","['6', '0']",0,64,0,0,0
0_1776,mult_59,0,14,dmul_64ns_64ns_64_5_full_dsp_1_U8,dmul,DMul_fulldsp,64,dmul,6.50,1078,"['3844', '3845']","['21', '4']",213,282,10,0,0
0_1780,sum_59,0,15,dadd_64ns_64ns_64_5_full_dsp_1_U4,dadd,DAddSub_fulldsp,64,dadd,5.86,1157,"['3846', '3847']","['302', '4']",782,445,3,0,0
0_1788,lshr_ln14_121,0,14,lshr_ln14_121_fu_5445_p2,lshr,Shifter,128,lshr,2.37,972,"['3849', '3850']","['13', '0']",423,0,0,0,0
0_1792,lshr_ln14_122,0,14,lshr_ln14_122_fu_5461_p2,lshr,Shifter,128,lshr,2.37,976,"['3854', '3855']","['13', '0']",423,0,0,0,0
0_1795,tmp_87,0,14,mux_21_64_1_1_U68,mux,Multiplexer,64,mux,0.84,979,"['3858', '3859', '3860', '3861']","['13', '0']",9,0,0,0,0
0_1796,tmp_88,0,14,tmp_92_reg_7605,not_exist,not_exist,64,partselect,0.00,650,"['3862', '3863', '3864', '3865']","['7', '0']",0,64,0,0,0
0_1798,mult_60,0,14,dmul_64ns_64ns_64_5_full_dsp_1_U7,dmul,DMul_fulldsp,64,dmul,6.50,1084,"['3867', '3868']","['22', '4']",213,282,10,0,0
0_1802,sum_60,0,15,dadd_64ns_64ns_64_5_full_dsp_1_U4,dadd,DAddSub_fulldsp,64,dadd,5.86,1158,"['3869', '3870']","['307', '4']",782,445,3,0,0
0_1810,lshr_ln14_123,0,14,lshr_ln14_123_fu_5486_p2,lshr,Shifter,128,lshr,2.37,981,"['3872', '3873']","['13', '0']",423,0,0,0,0
0_1814,lshr_ln14_124,0,14,lshr_ln14_124_fu_5502_p2,lshr,Shifter,128,lshr,2.37,985,"['3877', '3878']","['13', '0']",423,0,0,0,0
0_1817,tmp_89,0,14,mux_21_64_1_1_U69,mux,Multiplexer,64,mux,0.84,988,"['3881', '3882', '3883', '3884']","['13', '0']",9,0,0,0,0
0_1818,tmp_90,0,14,tmp_90_reg_7510,not_exist,not_exist,64,partselect,0.00,651,"['3885', '3886', '3887', '3888']","['7', '0']",0,64,0,0,0
0_1820,mult_61,0,14,dmul_64ns_64ns_64_5_full_dsp_1_U8,dmul,DMul_fulldsp,64,dmul,6.50,1086,"['3890', '3891']","['22', '4']",213,282,10,0,0
0_1824,sum_61,0,15,dadd_64ns_64ns_64_5_full_dsp_1_U4,dadd,DAddSub_fulldsp,64,dadd,5.86,1159,"['3892', '3893']","['312', '4']",782,445,3,0,0
0_1832,lshr_ln14_125,0,14,lshr_ln14_125_fu_5527_p2,lshr,Shifter,128,lshr,2.37,990,"['3895', '3896']","['13', '0']",423,0,0,0,0
0_1836,lshr_ln14_126,0,14,lshr_ln14_126_fu_5567_p2,lshr,Shifter,128,lshr,2.37,1009,"['3900', '3901']","['14', '0']",423,0,0,0,0
0_1839,tmp_91,0,14,mux_21_64_1_1_U70,mux,Multiplexer,64,mux,0.84,1012,"['3904', '3905', '3906', '3907']","['14', '0']",9,0,0,0,0
0_1840,tmp_92,0,14,tmp_92_reg_7605,not_exist,not_exist,64,partselect,0.00,713,"['3908', '3909', '3910', '3911']","['8', '0']",0,64,0,0,0
0_1842,mult_62,0,14,dmul_64ns_64ns_64_5_full_dsp_1_U7,dmul,DMul_fulldsp,64,dmul,6.50,1097,"['3913', '3914']","['23', '4']",213,282,10,0,0
0_1846,sum_62,0,15,dadd_64ns_64ns_64_5_full_dsp_1_U4,dadd,DAddSub_fulldsp,64,dadd,5.86,1160,"['3915', '3916']","['317', '4']",782,445,3,0,0
0_1854,lshr_ln14_127,0,14,lshr_ln14_127_fu_5592_p2,lshr,Shifter,128,lshr,2.37,1014,"['3918', '3919']","['14', '0']",423,0,0,0,0
0_1858,lshr_ln14_128,0,14,lshr_ln14_128_fu_5608_p2,lshr,Shifter,128,lshr,2.37,1018,"['3923', '3924']","['14', '0']",423,0,0,0,0
0_1861,tmp_93,0,14,mux_21_64_1_1_U71,mux,Multiplexer,64,mux,0.84,1021,"['3927', '3928', '3929', '3930']","['14', '0']",9,0,0,0,0
0_1863,m2_1_load_18,0,14,not_exist,ram,RAM,128,load,2.26,772,['3934'],"['9', '1']",0,0,0,0,0
0_1865,lshr_ln14_129,0,14,lshr_ln14_129_fu_5634_p2,lshr,Shifter,128,lshr,2.37,1023,"['3936', '3937']","['14', '0']",423,0,0,0,0
0_1868,mult_63,0,14,dmul_64ns_64ns_64_5_full_dsp_1_U8,dmul,DMul_fulldsp,64,dmul,6.50,1099,"['3940', '3941']","['23', '4']",213,282,10,0,0
0_1872,sum_63,0,15,dadd_64ns_64ns_64_5_full_dsp_1_U4,dadd,DAddSub_fulldsp,64,dadd,5.86,1167,"['3942', '3943']","['322', '4']",782,445,3,0,0
0_1876,add_ln17,0,17,add_ln17_fu_2601_p2,add,Adder,12,add,1.33,196,"['3945', '3946']","['0', '0']",19,0,0,0,0
0_1877,add_ln17_1,0,17,add_ln17_1_fu_3880_p2,add,Adder,10,add,1.34,531,"['3947', '3948']","['5', '0']",17,0,0,0,0
0_1878,add_ln17_2,0,17,add_ln17_2_fu_5669_p2,add,Adder,11,add,1.33,1041,"['3949', '3950']","['15', '0']",18,0,0,0,0
0_1879,tmp_94,0,17,tmp_94_reg_8095,not_exist,not_exist,1,bitselect,0.00,1042,"['3952', '3953', '3955']","['15', '0']",0,1,0,0,0
0_1882,tmp_95,0,17,tmp_95_reg_6809,not_exist,not_exist,1,bitselect,0.00,197,"['3961', '3962', '3964']","['0', '0']",0,1,0,0,0
0_1899,prod_1_load,0,17,not_exist,ram,RAM,128,load,2.26,1166,['3972'],"['320', '1']",0,0,0,0,0
0_1901,shl_ln17,0,17,shl_ln17_fu_5883_p2,shl,Shifter,128,shl,0.00,1180,"['3974', '3975']","['334', '0']",423,0,0,0,0
0_1902,xor_ln17,0,17,xor_ln17_fu_5889_p2,xor,LogicGate,128,xor,0.00,1181,"['3976', '3977']","['334', '0']",128,0,0,0,0
0_1903,and_ln17,0,17,and_ln17_fu_5895_p2,and,LogicGate,128,and,0.00,1182,"['3978', '3979']","['334', '0']",128,0,0,0,0
0_1905,shl_ln17_1,0,17,shl_ln17_1_fu_5903_p2,shl,Shifter,128,shl,0.00,1184,"['3981', '3982']","['334', '0']",423,0,0,0,0
0_1906,or_ln17,0,17,prod_1_d0,or,LogicGate,128,or,2.35,1185,"['3983', '3984']","['334', '0']",128,0,0,0,0
0_1907,prod_1_addr_write_ln17,0,17,not_exist,ram,RAM,0,store,2.26,1186,"['3985', '3986', '6277']","['334', '0']",0,0,0,0,0
1_33,k_write_ln0,0,0,not_exist,not_exist,not_exist,0,store,0.84,14,"['185', '186']","['0', '0']",0,0,0,0,0
1_34,sum_write_ln0,0,0,not_exist,not_exist,not_exist,0,store,0.84,15,"['188', '189']","['0', '0']",0,0,0,0,0
1_149,sum_load_1,0,0,not_exist,not_exist,not_exist,64,load,0.00,107,"['191', '558']","['9', '0']",0,0,0,0,0
1_37,k_1,0,14,not_exist,not_exist,not_exist,7,load,0.00,17,"['196', '557']","['0', '0']",0,0,0,0,0
1_38,tmp,0,12,tmp_reg_775,not_exist,not_exist,1,bitselect,0.00,18,"['198', '199', '201']","['0', '0']",0,1,0,0,0
1_42,sum_load,0,15,not_exist,not_exist,not_exist,64,load,0.00,110,"['205', '560']","['10', '0']",0,0,0,0,0
1_51,add_ln14,0,14,add_ln14_fu_376_p2,add,Adder,12,add,1.33,25,"['215', '216']","['0', '0']",19,0,0,0,0
1_52,add_ln14_1,0,14,add_ln14_1_fu_382_p2,add,Adder,10,add,1.34,26,"['217', '218']","['0', '0']",17,0,0,0,0
1_53,add_ln14_2,0,14,add_ln14_2_fu_388_p2,add,Adder,11,add,1.33,27,"['219', '220']","['0', '0']",18,0,0,0,0
1_54,tmp_1,0,14,tmp_1_reg_779,not_exist,not_exist,1,bitselect,0.00,28,"['222', '223', '225']","['0', '0']",0,1,0,0,0
1_55,tmp_3,0,14,tmp_3_reg_784,not_exist,not_exist,1,bitselect,0.00,29,"['227', '228', '230']","['0', '0']",0,1,0,0,0
1_59,m1_0_load,0,14,not_exist,ram,RAM,128,load,2.26,32,['240'],"['0', '1']",0,0,0,0,0
1_61,lshr_ln14,0,14,lshr_ln14_fu_554_p2,lshr,Shifter,128,lshr,2.37,67,"['242', '243']","['1', '0']",423,0,0,0,0
1_65,m1_1_load,0,14,not_exist,ram,RAM,128,load,2.26,34,['249'],"['0', '1']",0,0,0,0,0
1_67,lshr_ln14_1,0,14,lshr_ln14_1_fu_570_p2,lshr,Shifter,128,lshr,2.37,71,"['251', '252']","['2', '0']",423,0,0,0,0
1_70,tmp_2,0,14,mux_21_64_1_1_U3,mux,Multiplexer,64,mux,0.84,74,"['256', '257', '258', '259']","['2', '0']",9,0,0,0,0
1_73,tmp_4,0,14,tmp_4_reg_799,not_exist,not_exist,1,bitselect,0.00,37,"['270', '271', '273']","['0', '0']",0,1,0,0,0
1_75,tmp_6,0,14,tmp_6_reg_804,not_exist,not_exist,1,bitselect,0.00,38,"['279', '280', '282']","['0', '0']",0,1,0,0,0
1_79,m2_0_load,0,14,not_exist,ram,RAM,128,load,2.26,41,['290'],"['0', '1']",0,0,0,0,0
1_81,lshr_ln14_2,0,14,lshr_ln14_2_fu_603_p2,lshr,Shifter,128,lshr,2.37,77,"['292', '293']","['3', '0']",423,0,0,0,0
1_85,m2_1_load,0,14,not_exist,ram,RAM,128,load,2.26,43,['299'],"['0', '1']",0,0,0,0,0
1_87,lshr_ln14_3,0,14,lshr_ln14_3_fu_625_p2,lshr,Shifter,128,lshr,2.37,82,"['301', '302']","['4', '0']",423,0,0,0,0
1_90,tmp_5,0,14,mux_22_64_1_1_U4,mux,Multiplexer,64,mux,0.84,85,"['306', '307', '308', '309']","['4', '0']",9,0,0,0,0
1_91,mult,0,14,dmul_64ns_64ns_64_5_full_dsp_1_U2,dmul,DMul_fulldsp,64,dmul,6.50,86,"['310', '311']","['5', '4']",213,282,10,0,0
1_95,sum_1,0,15,dadd_64ns_64ns_64_5_full_dsp_1_U1,dadd,DAddSub_fulldsp,64,dadd,5.86,111,"['312', '313']","['10', '4']",782,445,3,0,0
1_98,or_ln13,0,13,or_ln13_fu_456_p2,not_exist,not_exist,12,or,0.00,44,"['314', '316']","['0', '0']",12,0,0,0,0
1_100,or_ln14,0,14,or_ln14_fu_462_p2,not_exist,not_exist,6,or,0.00,45,"['317', '319']","['0', '0']",6,0,0,0,0
1_104,m1_0_load_1,0,14,not_exist,ram,RAM,128,load,2.26,49,['328'],"['0', '1']",0,0,0,0,0
1_106,lshr_ln14_4,0,14,lshr_ln14_4_fu_651_p2,lshr,Shifter,128,lshr,2.37,88,"['330', '331']","['5', '0']",423,0,0,0,0
1_110,m1_1_load_1,0,14,not_exist,ram,RAM,128,load,2.26,51,['337'],"['0', '1']",0,0,0,0,0
1_112,lshr_ln14_5,0,14,lshr_ln14_5_fu_666_p2,lshr,Shifter,128,lshr,2.37,92,"['339', '340']","['6', '0']",423,0,0,0,0
1_115,tmp_8,0,14,mux_22_64_1_1_U5,mux,Multiplexer,64,mux,0.84,95,"['343', '344', '345', '346']","['6', '0']",9,0,0,0,0
1_117,or_ln14_1,0,14,or_ln14_1_fu_486_p2,or,LogicGate,6,or,0.51,53,"['348', '349']","['0', '0']",6,0,0,0,0
1_120,tmp_9,0,14,tmp_9_reg_829,not_exist,not_exist,1,bitselect,0.00,56,"['359', '360', '361']","['0', '0']",0,1,0,0,0
1_121,tmp_11,0,14,tmp_11_reg_834,not_exist,not_exist,1,bitselect,0.00,57,"['362', '363', '364']","['0', '0']",0,1,0,0,0
1_125,m2_0_load_1,0,14,not_exist,ram,RAM,128,load,2.26,60,['372'],"['0', '1']",0,0,0,0,0
1_127,lshr_ln14_6,0,14,lshr_ln14_6_fu_699_p2,lshr,Shifter,128,lshr,2.37,98,"['374', '375']","['7', '0']",423,0,0,0,0
1_131,m2_1_load_1,0,14,not_exist,ram,RAM,128,load,2.26,62,['381'],"['0', '1']",0,0,0,0,0
1_133,lshr_ln14_7,0,14,lshr_ln14_7_fu_714_p2,lshr,Shifter,128,lshr,2.37,102,"['383', '384']","['8', '0']",423,0,0,0,0
1_136,tmp_10,0,14,mux_21_64_1_1_U6,mux,Multiplexer,64,mux,0.84,105,"['387', '388', '389', '390']","['8', '0']",9,0,0,0,0
1_137,mult_1,0,14,dmul_64ns_64ns_64_5_full_dsp_1_U2,dmul,DMul_fulldsp,64,dmul,6.50,106,"['391', '392']","['9', '4']",213,282,10,0,0
1_141,sum_2,0,15,dadd_64ns_64ns_64_5_full_dsp_1_U1,dadd,DAddSub_fulldsp,64,dadd,5.86,112,"['393', '394', '2147483647']","['15', '4']",782,445,3,0,0
1_144,add_ln12,0,12,add_ln12_fu_532_p2,add,Adder,7,add,1.27,63,"['395', '397']","['0', '0']",14,0,0,0,0
1_145,k_write_ln12,0,12,not_exist,not_exist,not_exist,0,store,0.84,64,"['398', '399', '559', '562']","['0', '0']",0,0,0,0,0
1_146,sum_write_ln12,0,12,not_exist,not_exist,not_exist,0,store,0.84,113,"['400', '401', '556', '561']","['19', '0']",0,0,0,0,0
2_21,i_write_ln8,0,8,not_exist,not_exist,not_exist,0,store,0.84,2,"['432', '433']","['0', '0']",0,0,0,0,0
2_24,i_1,0,17,not_exist,not_exist,not_exist,7,load,0.00,4,"['435', '1532']","['1', '0']",0,0,0,0,0
2_25,icmp_ln8,0,8,icmp_ln8_fu_1393_p2,icmp,Cmp,1,icmp,0.86,5,"['436', '438']","['1', '0']",11,0,0,0,0
2_27,add_ln8,0,8,add_ln8_fu_1399_p2,add,Adder,7,add,1.27,6,"['439', '441']","['1', '0']",14,0,0,0,0
2_35,tmp,0,17,tmp_reg_3520,not_exist,not_exist,1,bitselect,0.00,397,"['457', '458', '460']","['33', '0']",0,1,0,0,0
2_41,or_ln14,0,14,or_ln14_fu_1423_p2,not_exist,not_exist,10,or,0.00,13,"['477', '479']","['1', '0']",10,0,0,0,0
2_45,or_ln14_1,0,14,or_ln14_1_fu_1440_p2,not_exist,not_exist,10,or,0.00,23,"['487', '489']","['2', '0']",10,0,0,0,0
2_49,or_ln14_2,0,14,or_ln14_2_fu_1451_p2,not_exist,not_exist,10,or,0.00,27,"['497', '499']","['2', '0']",10,0,0,0,0
2_53,or_ln14_3,0,14,or_ln14_3_fu_1462_p2,not_exist,not_exist,10,or,0.00,35,"['507', '509']","['3', '0']",10,0,0,0,0
2_57,or_ln14_4,0,14,or_ln14_4_fu_1473_p2,not_exist,not_exist,10,or,0.00,39,"['517', '519']","['3', '0']",10,0,0,0,0
2_61,or_ln14_5,0,14,or_ln14_5_fu_1484_p2,not_exist,not_exist,10,or,0.00,47,"['527', '529']","['4', '0']",10,0,0,0,0
2_65,or_ln14_6,0,14,or_ln14_6_fu_1495_p2,not_exist,not_exist,10,or,0.00,51,"['537', '539']","['4', '0']",10,0,0,0,0
2_69,or_ln14_7,0,14,or_ln14_7_fu_1506_p2,not_exist,not_exist,10,or,0.00,59,"['547', '549']","['5', '0']",10,0,0,0,0
2_73,or_ln14_8,0,14,or_ln14_8_fu_1517_p2,not_exist,not_exist,10,or,0.00,63,"['557', '559']","['5', '0']",10,0,0,0,0
2_77,or_ln14_9,0,14,or_ln14_9_fu_1528_p2,not_exist,not_exist,10,or,0.00,71,"['567', '569']","['6', '0']",10,0,0,0,0
2_81,or_ln14_10,0,14,or_ln14_10_fu_1539_p2,not_exist,not_exist,10,or,0.00,75,"['577', '579']","['6', '0']",10,0,0,0,0
2_85,or_ln14_11,0,14,or_ln14_11_fu_1550_p2,not_exist,not_exist,10,or,0.00,83,"['587', '589']","['7', '0']",10,0,0,0,0
2_89,or_ln14_12,0,14,or_ln14_12_fu_1561_p2,not_exist,not_exist,10,or,0.00,87,"['597', '599']","['7', '0']",10,0,0,0,0
2_93,or_ln14_13,0,14,or_ln14_13_fu_1572_p2,not_exist,not_exist,10,or,0.00,95,"['607', '609']","['8', '0']",10,0,0,0,0
2_97,or_ln14_14,0,14,or_ln14_14_fu_1583_p2,not_exist,not_exist,10,or,0.00,99,"['617', '619']","['8', '0']",10,0,0,0,0
2_101,or_ln14_15,0,14,or_ln14_15_fu_1594_p2,not_exist,not_exist,10,or,0.00,107,"['627', '629']","['9', '0']",10,0,0,0,0
2_105,or_ln14_16,0,14,or_ln14_16_fu_1605_p2,not_exist,not_exist,10,or,0.00,111,"['637', '639']","['9', '0']",10,0,0,0,0
2_109,or_ln14_17,0,14,or_ln14_17_fu_1616_p2,not_exist,not_exist,10,or,0.00,119,"['647', '649']","['10', '0']",10,0,0,0,0
2_113,or_ln14_18,0,14,or_ln14_18_fu_1627_p2,not_exist,not_exist,10,or,0.00,123,"['657', '659']","['10', '0']",10,0,0,0,0
2_117,or_ln14_19,0,14,or_ln14_19_fu_1638_p2,not_exist,not_exist,10,or,0.00,131,"['667', '669']","['11', '0']",10,0,0,0,0
2_121,or_ln14_20,0,14,or_ln14_20_fu_1649_p2,not_exist,not_exist,10,or,0.00,135,"['677', '679']","['11', '0']",10,0,0,0,0
2_125,or_ln14_21,0,14,or_ln14_21_fu_1660_p2,not_exist,not_exist,10,or,0.00,143,"['687', '689']","['12', '0']",10,0,0,0,0
2_129,or_ln14_22,0,14,or_ln14_22_fu_1671_p2,not_exist,not_exist,10,or,0.00,147,"['697', '699']","['12', '0']",10,0,0,0,0
2_133,or_ln14_23,0,14,or_ln14_23_fu_1682_p2,not_exist,not_exist,10,or,0.00,155,"['707', '709']","['13', '0']",10,0,0,0,0
2_137,or_ln14_24,0,14,or_ln14_24_fu_1693_p2,not_exist,not_exist,10,or,0.00,159,"['717', '719']","['13', '0']",10,0,0,0,0
2_141,or_ln14_25,0,14,or_ln14_25_fu_1704_p2,not_exist,not_exist,10,or,0.00,167,"['727', '729']","['14', '0']",10,0,0,0,0
2_145,or_ln14_26,0,14,or_ln14_26_fu_1715_p2,not_exist,not_exist,10,or,0.00,171,"['737', '739']","['14', '0']",10,0,0,0,0
2_149,or_ln14_27,0,14,or_ln14_27_fu_1726_p2,not_exist,not_exist,10,or,0.00,179,"['747', '749']","['15', '0']",10,0,0,0,0
2_153,or_ln14_28,0,14,or_ln14_28_fu_1737_p2,not_exist,not_exist,10,or,0.00,183,"['757', '759']","['15', '0']",10,0,0,0,0
2_157,or_ln14_29,0,14,or_ln14_29_fu_1748_p2,not_exist,not_exist,10,or,0.00,191,"['767', '769']","['16', '0']",10,0,0,0,0
2_161,or_ln14_30,0,14,or_ln14_30_fu_1759_p2,not_exist,not_exist,10,or,0.00,195,"['777', '779']","['16', '0']",10,0,0,0,0
2_165,or_ln14_31,0,14,or_ln14_31_fu_1770_p2,not_exist,not_exist,10,or,0.00,203,"['787', '789']","['17', '0']",10,0,0,0,0
2_169,or_ln14_32,0,14,or_ln14_32_fu_1781_p2,not_exist,not_exist,10,or,0.00,207,"['797', '799']","['17', '0']",10,0,0,0,0
2_173,or_ln14_33,0,14,or_ln14_33_fu_1792_p2,not_exist,not_exist,10,or,0.00,215,"['807', '809']","['18', '0']",10,0,0,0,0
2_177,or_ln14_34,0,14,or_ln14_34_fu_1803_p2,not_exist,not_exist,10,or,0.00,219,"['817', '819']","['18', '0']",10,0,0,0,0
2_181,or_ln14_35,0,14,or_ln14_35_fu_1814_p2,not_exist,not_exist,10,or,0.00,227,"['827', '829']","['19', '0']",10,0,0,0,0
2_185,or_ln14_36,0,14,or_ln14_36_fu_1825_p2,not_exist,not_exist,10,or,0.00,231,"['837', '839']","['19', '0']",10,0,0,0,0
2_189,or_ln14_37,0,14,or_ln14_37_fu_1836_p2,not_exist,not_exist,10,or,0.00,239,"['847', '849']","['20', '0']",10,0,0,0,0
2_193,or_ln14_38,0,14,or_ln14_38_fu_1847_p2,not_exist,not_exist,10,or,0.00,243,"['857', '859']","['20', '0']",10,0,0,0,0
2_197,or_ln14_39,0,14,or_ln14_39_fu_1858_p2,not_exist,not_exist,10,or,0.00,251,"['867', '869']","['21', '0']",10,0,0,0,0
2_201,or_ln14_40,0,14,or_ln14_40_fu_1869_p2,not_exist,not_exist,10,or,0.00,255,"['877', '879']","['21', '0']",10,0,0,0,0
2_205,or_ln14_41,0,14,or_ln14_41_fu_1880_p2,not_exist,not_exist,10,or,0.00,263,"['887', '889']","['22', '0']",10,0,0,0,0
2_209,or_ln14_42,0,14,or_ln14_42_fu_1891_p2,not_exist,not_exist,10,or,0.00,267,"['897', '899']","['22', '0']",10,0,0,0,0
2_213,or_ln14_43,0,14,or_ln14_43_fu_1902_p2,not_exist,not_exist,10,or,0.00,275,"['907', '909']","['23', '0']",10,0,0,0,0
2_217,or_ln14_44,0,14,or_ln14_44_fu_1913_p2,not_exist,not_exist,10,or,0.00,279,"['917', '919']","['23', '0']",10,0,0,0,0
2_221,or_ln14_45,0,14,or_ln14_45_fu_1924_p2,not_exist,not_exist,10,or,0.00,287,"['927', '929']","['24', '0']",10,0,0,0,0
2_225,or_ln14_46,0,14,or_ln14_46_fu_1935_p2,not_exist,not_exist,10,or,0.00,291,"['937', '939']","['24', '0']",10,0,0,0,0
2_229,or_ln14_47,0,14,or_ln14_47_fu_1946_p2,not_exist,not_exist,10,or,0.00,299,"['947', '949']","['25', '0']",10,0,0,0,0
2_233,or_ln14_48,0,14,or_ln14_48_fu_1957_p2,not_exist,not_exist,10,or,0.00,303,"['957', '959']","['25', '0']",10,0,0,0,0
2_237,or_ln14_49,0,14,or_ln14_49_fu_1968_p2,not_exist,not_exist,10,or,0.00,311,"['967', '969']","['26', '0']",10,0,0,0,0
2_241,or_ln14_50,0,14,or_ln14_50_fu_1979_p2,not_exist,not_exist,10,or,0.00,315,"['977', '979']","['26', '0']",10,0,0,0,0
2_245,or_ln14_51,0,14,or_ln14_51_fu_1990_p2,not_exist,not_exist,10,or,0.00,323,"['987', '989']","['27', '0']",10,0,0,0,0
2_249,or_ln14_52,0,14,or_ln14_52_fu_2001_p2,not_exist,not_exist,10,or,0.00,327,"['997', '999']","['27', '0']",10,0,0,0,0
2_253,or_ln14_53,0,14,or_ln14_53_fu_2012_p2,not_exist,not_exist,10,or,0.00,335,"['1007', '1009']","['28', '0']",10,0,0,0,0
2_257,or_ln14_54,0,14,or_ln14_54_fu_2023_p2,not_exist,not_exist,10,or,0.00,339,"['1017', '1019']","['28', '0']",10,0,0,0,0
2_261,or_ln14_55,0,14,or_ln14_55_fu_2034_p2,not_exist,not_exist,10,or,0.00,347,"['1027', '1029']","['29', '0']",10,0,0,0,0
2_265,or_ln14_56,0,14,or_ln14_56_fu_2045_p2,not_exist,not_exist,10,or,0.00,351,"['1037', '1039']","['29', '0']",10,0,0,0,0
2_269,or_ln14_57,0,14,or_ln14_57_fu_2056_p2,not_exist,not_exist,10,or,0.00,359,"['1047', '1049']","['30', '0']",10,0,0,0,0
2_273,or_ln14_58,0,14,or_ln14_58_fu_2067_p2,not_exist,not_exist,10,or,0.00,363,"['1057', '1059']","['30', '0']",10,0,0,0,0
2_277,or_ln14_59,0,14,or_ln14_59_fu_2078_p2,not_exist,not_exist,10,or,0.00,371,"['1067', '1069']","['31', '0']",10,0,0,0,0
2_281,or_ln14_60,0,14,or_ln14_60_fu_2089_p2,not_exist,not_exist,10,or,0.00,375,"['1077', '1079']","['31', '0']",10,0,0,0,0
2_285,or_ln14_61,0,14,or_ln14_61_fu_2100_p2,not_exist,not_exist,10,or,0.00,383,"['1087', '1089']","['32', '0']",10,0,0,0,0
2_289,or_ln14_62,0,14,or_ln14_62_fu_2111_p2,not_exist,not_exist,10,or,0.00,387,"['1097', '1099']","['32', '0']",10,0,0,0,0
2_293,m1_0_load,0,14,not_exist,ram,RAM,128,load,2.26,17,['1107'],"['1', '1']",0,0,0,0,0
2_294,m1_1_load,0,14,not_exist,ram,RAM,128,load,2.26,18,['1108'],"['1', '1']",0,0,0,0,0
2_295,m1_0_load_1,0,14,not_exist,ram,RAM,128,load,2.26,19,['1109'],"['1', '1']",0,0,0,0,0
2_296,m1_1_load_1,0,14,not_exist,ram,RAM,128,load,2.26,20,['1110'],"['1', '1']",0,0,0,0,0
2_297,m1_0_load_2,0,14,not_exist,ram,RAM,128,load,2.26,31,['1111'],"['2', '1']",0,0,0,0,0
2_298,m1_1_load_2,0,14,not_exist,ram,RAM,128,load,2.26,32,['1112'],"['2', '1']",0,0,0,0,0
2_299,m1_0_load_3,0,14,not_exist,ram,RAM,128,load,2.26,33,['1113'],"['2', '1']",0,0,0,0,0
2_300,m1_1_load_3,0,14,not_exist,ram,RAM,128,load,2.26,34,['1114'],"['2', '1']",0,0,0,0,0
2_301,m1_0_load_4,0,14,not_exist,ram,RAM,128,load,2.26,43,['1115'],"['3', '1']",0,0,0,0,0
2_302,m1_1_load_4,0,14,not_exist,ram,RAM,128,load,2.26,44,['1116'],"['3', '1']",0,0,0,0,0
2_303,m1_0_load_5,0,14,not_exist,ram,RAM,128,load,2.26,45,['1117'],"['3', '1']",0,0,0,0,0
2_304,m1_1_load_5,0,14,not_exist,ram,RAM,128,load,2.26,46,['1118'],"['3', '1']",0,0,0,0,0
2_305,m1_0_load_6,0,14,not_exist,ram,RAM,128,load,2.26,55,['1119'],"['4', '1']",0,0,0,0,0
2_306,m1_1_load_6,0,14,not_exist,ram,RAM,128,load,2.26,56,['1120'],"['4', '1']",0,0,0,0,0
2_307,m1_0_load_7,0,14,not_exist,ram,RAM,128,load,2.26,57,['1121'],"['4', '1']",0,0,0,0,0
2_308,m1_1_load_7,0,14,not_exist,ram,RAM,128,load,2.26,58,['1122'],"['4', '1']",0,0,0,0,0
2_309,m1_0_load_8,0,14,not_exist,ram,RAM,128,load,2.26,67,['1123'],"['5', '1']",0,0,0,0,0
2_310,m1_1_load_8,0,14,not_exist,ram,RAM,128,load,2.26,68,['1124'],"['5', '1']",0,0,0,0,0
2_311,m1_0_load_9,0,14,not_exist,ram,RAM,128,load,2.26,69,['1125'],"['5', '1']",0,0,0,0,0
2_312,m1_1_load_9,0,14,not_exist,ram,RAM,128,load,2.26,70,['1126'],"['5', '1']",0,0,0,0,0
2_313,m1_0_load_10,0,14,not_exist,ram,RAM,128,load,2.26,79,['1127'],"['6', '1']",0,0,0,0,0
2_314,m1_1_load_10,0,14,not_exist,ram,RAM,128,load,2.26,80,['1128'],"['6', '1']",0,0,0,0,0
2_315,m1_0_load_11,0,14,not_exist,ram,RAM,128,load,2.26,81,['1129'],"['6', '1']",0,0,0,0,0
2_316,m1_1_load_11,0,14,not_exist,ram,RAM,128,load,2.26,82,['1130'],"['6', '1']",0,0,0,0,0
2_317,m1_0_load_12,0,14,not_exist,ram,RAM,128,load,2.26,91,['1131'],"['7', '1']",0,0,0,0,0
2_318,m1_1_load_12,0,14,not_exist,ram,RAM,128,load,2.26,92,['1132'],"['7', '1']",0,0,0,0,0
2_319,m1_0_load_13,0,14,not_exist,ram,RAM,128,load,2.26,93,['1133'],"['7', '1']",0,0,0,0,0
2_320,m1_1_load_13,0,14,not_exist,ram,RAM,128,load,2.26,94,['1134'],"['7', '1']",0,0,0,0,0
2_321,m1_0_load_14,0,14,not_exist,ram,RAM,128,load,2.26,103,['1135'],"['8', '1']",0,0,0,0,0
2_322,m1_1_load_14,0,14,not_exist,ram,RAM,128,load,2.26,104,['1136'],"['8', '1']",0,0,0,0,0
2_323,m1_0_load_15,0,14,not_exist,ram,RAM,128,load,2.26,105,['1137'],"['8', '1']",0,0,0,0,0
2_324,m1_1_load_15,0,14,not_exist,ram,RAM,128,load,2.26,106,['1138'],"['8', '1']",0,0,0,0,0
2_325,m1_0_load_16,0,14,not_exist,ram,RAM,128,load,2.26,115,['1139'],"['9', '1']",0,0,0,0,0
2_326,m1_1_load_16,0,14,not_exist,ram,RAM,128,load,2.26,116,['1140'],"['9', '1']",0,0,0,0,0
2_327,m1_0_load_17,0,14,not_exist,ram,RAM,128,load,2.26,117,['1141'],"['9', '1']",0,0,0,0,0
2_328,m1_1_load_17,0,14,not_exist,ram,RAM,128,load,2.26,118,['1142'],"['9', '1']",0,0,0,0,0
2_329,m1_0_load_18,0,14,not_exist,ram,RAM,128,load,2.26,127,['1143'],"['10', '1']",0,0,0,0,0
2_330,m1_1_load_18,0,14,not_exist,ram,RAM,128,load,2.26,128,['1144'],"['10', '1']",0,0,0,0,0
2_331,m1_0_load_19,0,14,not_exist,ram,RAM,128,load,2.26,129,['1145'],"['10', '1']",0,0,0,0,0
2_332,m1_1_load_19,0,14,not_exist,ram,RAM,128,load,2.26,130,['1146'],"['10', '1']",0,0,0,0,0
2_333,m1_0_load_20,0,14,not_exist,ram,RAM,128,load,2.26,139,['1147'],"['11', '1']",0,0,0,0,0
2_334,m1_1_load_20,0,14,not_exist,ram,RAM,128,load,2.26,140,['1148'],"['11', '1']",0,0,0,0,0
2_335,m1_0_load_21,0,14,not_exist,ram,RAM,128,load,2.26,141,['1149'],"['11', '1']",0,0,0,0,0
2_336,m1_1_load_21,0,14,not_exist,ram,RAM,128,load,2.26,142,['1150'],"['11', '1']",0,0,0,0,0
2_337,m1_0_load_22,0,14,not_exist,ram,RAM,128,load,2.26,151,['1151'],"['12', '1']",0,0,0,0,0
2_338,m1_1_load_22,0,14,not_exist,ram,RAM,128,load,2.26,152,['1152'],"['12', '1']",0,0,0,0,0
2_339,m1_0_load_23,0,14,not_exist,ram,RAM,128,load,2.26,153,['1153'],"['12', '1']",0,0,0,0,0
2_340,m1_1_load_23,0,14,not_exist,ram,RAM,128,load,2.26,154,['1154'],"['12', '1']",0,0,0,0,0
2_341,m1_0_load_24,0,14,not_exist,ram,RAM,128,load,2.26,163,['1155'],"['13', '1']",0,0,0,0,0
2_342,m1_1_load_24,0,14,not_exist,ram,RAM,128,load,2.26,164,['1156'],"['13', '1']",0,0,0,0,0
2_343,m1_0_load_25,0,14,not_exist,ram,RAM,128,load,2.26,165,['1157'],"['13', '1']",0,0,0,0,0
2_344,m1_1_load_25,0,14,not_exist,ram,RAM,128,load,2.26,166,['1158'],"['13', '1']",0,0,0,0,0
2_345,m1_0_load_26,0,14,not_exist,ram,RAM,128,load,2.26,175,['1159'],"['14', '1']",0,0,0,0,0
2_346,m1_1_load_26,0,14,not_exist,ram,RAM,128,load,2.26,176,['1160'],"['14', '1']",0,0,0,0,0
2_347,m1_0_load_27,0,14,not_exist,ram,RAM,128,load,2.26,177,['1161'],"['14', '1']",0,0,0,0,0
2_348,m1_1_load_27,0,14,not_exist,ram,RAM,128,load,2.26,178,['1162'],"['14', '1']",0,0,0,0,0
2_349,m1_0_load_28,0,14,not_exist,ram,RAM,128,load,2.26,187,['1163'],"['15', '1']",0,0,0,0,0
2_350,m1_1_load_28,0,14,not_exist,ram,RAM,128,load,2.26,188,['1164'],"['15', '1']",0,0,0,0,0
2_351,m1_0_load_29,0,14,not_exist,ram,RAM,128,load,2.26,189,['1165'],"['15', '1']",0,0,0,0,0
2_352,m1_1_load_29,0,14,not_exist,ram,RAM,128,load,2.26,190,['1166'],"['15', '1']",0,0,0,0,0
2_353,m1_0_load_30,0,14,not_exist,ram,RAM,128,load,2.26,199,['1167'],"['16', '1']",0,0,0,0,0
2_354,m1_1_load_30,0,14,not_exist,ram,RAM,128,load,2.26,200,['1168'],"['16', '1']",0,0,0,0,0
2_355,m1_0_load_31,0,14,not_exist,ram,RAM,128,load,2.26,201,['1169'],"['16', '1']",0,0,0,0,0
2_356,m1_1_load_31,0,14,not_exist,ram,RAM,128,load,2.26,202,['1170'],"['16', '1']",0,0,0,0,0
2_357,m1_0_load_32,0,14,not_exist,ram,RAM,128,load,2.26,211,['1171'],"['17', '1']",0,0,0,0,0
2_358,m1_1_load_32,0,14,not_exist,ram,RAM,128,load,2.26,212,['1172'],"['17', '1']",0,0,0,0,0
2_359,m1_0_load_33,0,14,not_exist,ram,RAM,128,load,2.26,213,['1173'],"['17', '1']",0,0,0,0,0
2_360,m1_1_load_33,0,14,not_exist,ram,RAM,128,load,2.26,214,['1174'],"['17', '1']",0,0,0,0,0
2_361,m1_0_load_34,0,14,not_exist,ram,RAM,128,load,2.26,223,['1175'],"['18', '1']",0,0,0,0,0
2_362,m1_1_load_34,0,14,not_exist,ram,RAM,128,load,2.26,224,['1176'],"['18', '1']",0,0,0,0,0
2_363,m1_0_load_35,0,14,not_exist,ram,RAM,128,load,2.26,225,['1177'],"['18', '1']",0,0,0,0,0
2_364,m1_1_load_35,0,14,not_exist,ram,RAM,128,load,2.26,226,['1178'],"['18', '1']",0,0,0,0,0
2_365,m1_0_load_36,0,14,not_exist,ram,RAM,128,load,2.26,235,['1179'],"['19', '1']",0,0,0,0,0
2_366,m1_1_load_36,0,14,not_exist,ram,RAM,128,load,2.26,236,['1180'],"['19', '1']",0,0,0,0,0
2_367,m1_0_load_37,0,14,not_exist,ram,RAM,128,load,2.26,237,['1181'],"['19', '1']",0,0,0,0,0
2_368,m1_1_load_37,0,14,not_exist,ram,RAM,128,load,2.26,238,['1182'],"['19', '1']",0,0,0,0,0
2_369,m1_0_load_38,0,14,not_exist,ram,RAM,128,load,2.26,247,['1183'],"['20', '1']",0,0,0,0,0
2_370,m1_1_load_38,0,14,not_exist,ram,RAM,128,load,2.26,248,['1184'],"['20', '1']",0,0,0,0,0
2_371,m1_0_load_39,0,14,not_exist,ram,RAM,128,load,2.26,249,['1185'],"['20', '1']",0,0,0,0,0
2_372,m1_1_load_39,0,14,not_exist,ram,RAM,128,load,2.26,250,['1186'],"['20', '1']",0,0,0,0,0
2_373,m1_0_load_40,0,14,not_exist,ram,RAM,128,load,2.26,259,['1187'],"['21', '1']",0,0,0,0,0
2_374,m1_1_load_40,0,14,not_exist,ram,RAM,128,load,2.26,260,['1188'],"['21', '1']",0,0,0,0,0
2_375,m1_0_load_41,0,14,not_exist,ram,RAM,128,load,2.26,261,['1189'],"['21', '1']",0,0,0,0,0
2_376,m1_1_load_41,0,14,not_exist,ram,RAM,128,load,2.26,262,['1190'],"['21', '1']",0,0,0,0,0
2_377,m1_0_load_42,0,14,not_exist,ram,RAM,128,load,2.26,271,['1191'],"['22', '1']",0,0,0,0,0
2_378,m1_1_load_42,0,14,not_exist,ram,RAM,128,load,2.26,272,['1192'],"['22', '1']",0,0,0,0,0
2_379,m1_0_load_43,0,14,not_exist,ram,RAM,128,load,2.26,273,['1193'],"['22', '1']",0,0,0,0,0
2_380,m1_1_load_43,0,14,not_exist,ram,RAM,128,load,2.26,274,['1194'],"['22', '1']",0,0,0,0,0
2_381,m1_0_load_44,0,14,not_exist,ram,RAM,128,load,2.26,283,['1195'],"['23', '1']",0,0,0,0,0
2_382,m1_1_load_44,0,14,not_exist,ram,RAM,128,load,2.26,284,['1196'],"['23', '1']",0,0,0,0,0
2_383,m1_0_load_45,0,14,not_exist,ram,RAM,128,load,2.26,285,['1197'],"['23', '1']",0,0,0,0,0
2_384,m1_1_load_45,0,14,not_exist,ram,RAM,128,load,2.26,286,['1198'],"['23', '1']",0,0,0,0,0
2_385,m1_0_load_46,0,14,not_exist,ram,RAM,128,load,2.26,295,['1199'],"['24', '1']",0,0,0,0,0
2_386,m1_1_load_46,0,14,not_exist,ram,RAM,128,load,2.26,296,['1200'],"['24', '1']",0,0,0,0,0
2_387,m1_0_load_47,0,14,not_exist,ram,RAM,128,load,2.26,297,['1201'],"['24', '1']",0,0,0,0,0
2_388,m1_1_load_47,0,14,not_exist,ram,RAM,128,load,2.26,298,['1202'],"['24', '1']",0,0,0,0,0
2_389,m1_0_load_48,0,14,not_exist,ram,RAM,128,load,2.26,307,['1203'],"['25', '1']",0,0,0,0,0
2_390,m1_1_load_48,0,14,not_exist,ram,RAM,128,load,2.26,308,['1204'],"['25', '1']",0,0,0,0,0
2_391,m1_0_load_49,0,14,not_exist,ram,RAM,128,load,2.26,309,['1205'],"['25', '1']",0,0,0,0,0
2_392,m1_1_load_49,0,14,not_exist,ram,RAM,128,load,2.26,310,['1206'],"['25', '1']",0,0,0,0,0
2_393,m1_0_load_50,0,14,not_exist,ram,RAM,128,load,2.26,319,['1207'],"['26', '1']",0,0,0,0,0
2_394,m1_1_load_50,0,14,not_exist,ram,RAM,128,load,2.26,320,['1208'],"['26', '1']",0,0,0,0,0
2_395,m1_0_load_51,0,14,not_exist,ram,RAM,128,load,2.26,321,['1209'],"['26', '1']",0,0,0,0,0
2_396,m1_1_load_51,0,14,not_exist,ram,RAM,128,load,2.26,322,['1210'],"['26', '1']",0,0,0,0,0
2_397,m1_0_load_52,0,14,not_exist,ram,RAM,128,load,2.26,331,['1211'],"['27', '1']",0,0,0,0,0
2_398,m1_1_load_52,0,14,not_exist,ram,RAM,128,load,2.26,332,['1212'],"['27', '1']",0,0,0,0,0
2_399,m1_0_load_53,0,14,not_exist,ram,RAM,128,load,2.26,333,['1213'],"['27', '1']",0,0,0,0,0
2_400,m1_1_load_53,0,14,not_exist,ram,RAM,128,load,2.26,334,['1214'],"['27', '1']",0,0,0,0,0
2_401,m1_0_load_54,0,14,not_exist,ram,RAM,128,load,2.26,343,['1215'],"['28', '1']",0,0,0,0,0
2_402,m1_1_load_54,0,14,not_exist,ram,RAM,128,load,2.26,344,['1216'],"['28', '1']",0,0,0,0,0
2_403,m1_0_load_55,0,14,not_exist,ram,RAM,128,load,2.26,345,['1217'],"['28', '1']",0,0,0,0,0
2_404,m1_1_load_55,0,14,not_exist,ram,RAM,128,load,2.26,346,['1218'],"['28', '1']",0,0,0,0,0
2_405,m1_0_load_56,0,14,not_exist,ram,RAM,128,load,2.26,355,['1219'],"['29', '1']",0,0,0,0,0
2_406,m1_1_load_56,0,14,not_exist,ram,RAM,128,load,2.26,356,['1220'],"['29', '1']",0,0,0,0,0
2_407,m1_0_load_57,0,14,not_exist,ram,RAM,128,load,2.26,357,['1221'],"['29', '1']",0,0,0,0,0
2_408,m1_1_load_57,0,14,not_exist,ram,RAM,128,load,2.26,358,['1222'],"['29', '1']",0,0,0,0,0
2_409,m1_0_load_58,0,14,not_exist,ram,RAM,128,load,2.26,367,['1223'],"['30', '1']",0,0,0,0,0
2_410,m1_1_load_58,0,14,not_exist,ram,RAM,128,load,2.26,368,['1224'],"['30', '1']",0,0,0,0,0
2_411,m1_0_load_59,0,14,not_exist,ram,RAM,128,load,2.26,369,['1225'],"['30', '1']",0,0,0,0,0
2_412,m1_1_load_59,0,14,not_exist,ram,RAM,128,load,2.26,370,['1226'],"['30', '1']",0,0,0,0,0
2_413,m1_0_load_60,0,14,not_exist,ram,RAM,128,load,2.26,379,['1227'],"['31', '1']",0,0,0,0,0
2_414,m1_1_load_60,0,14,not_exist,ram,RAM,128,load,2.26,380,['1228'],"['31', '1']",0,0,0,0,0
2_415,m1_0_load_61,0,14,not_exist,ram,RAM,128,load,2.26,381,['1229'],"['31', '1']",0,0,0,0,0
2_416,m1_1_load_61,0,14,not_exist,ram,RAM,128,load,2.26,382,['1230'],"['31', '1']",0,0,0,0,0
2_417,m1_0_load_62,0,14,not_exist,ram,RAM,128,load,2.26,391,['1231'],"['32', '1']",0,0,0,0,0
2_418,m1_1_load_62,0,14,not_exist,ram,RAM,128,load,2.26,392,['1232'],"['32', '1']",0,0,0,0,0
2_419,m1_0_load_63,0,14,not_exist,ram,RAM,128,load,2.26,393,['1233'],"['32', '1']",0,0,0,0,0
2_420,m1_1_load_63,0,14,not_exist,ram,RAM,128,load,2.26,394,['1234'],"['32', '1']",0,0,0,0,0
2_423,_ln14,0,14,grp_gemm_Pipeline_middle_fu_1236,not_exist,not_exist,0,call,3.21,402,"['1241', '1242', '1243', '1244', '1245', '1246', '1247', '1248', '1249', '1250', '1251', '1252', '1253', '1254', '1255', '1256', '1257', '1258', '1259', '1260', '1261', '1262', '1263', '1264', '1265', '1266', '1267', '1268', '1269', '1270', '1271', '1272', '1273', '1274', '1275', '1276', '1277', '1278', '1279', '1280', '1281', '1282', '1283', '1284', '1285', '1286', '1287', '1288', '1289', '1290', '1291', '1292', '1293', '1294', '1295', '1296', '1297', '1298', '1299', '1300', '1301', '1302', '1303', '1304', '1305', '1306', '1307', '1308', '1309', '1310', '1311', '1312', '1313', '1314', '1315', '1316', '1317', '1318', '1319', '1320', '1321', '1322', '1323', '1324', '1325', '1326', '1327', '1328', '1329', '1330', '1331', '1332', '1333', '1334', '1335', '1336', '1337', '1338', '1339', '1340', '1341', '1342', '1343', '1344', '1345', '1346', '1347', '1348', '1349', '1350', '1351', '1352', '1353', '1354', '1355', '1356', '1357', '1358', '1359', '1360', '1361', '1362', '1363', '1364', '1365', '1366', '1367', '1368', '1369', '1370', '1371', '1372', '1373', '1374', '1375', '1376', '1377', '1378']","['33', '1']",65786,21322,52,0,0
2_424,i_write_ln8,0,8,not_exist,not_exist,not_exist,0,store,0.84,21,"['1379', '1380', '1533', '1534']","['1', '0']",0,0,0,0,0
