rtl_name,lut,ff,dsp,bram,uram
dadd_64ns_64ns_64_5_full_dsp_1_U11,782,445,3,0,0
dadd_64ns_64ns_64_5_full_dsp_1_U12,782,445,3,0,0
dadd_64ns_64ns_64_5_full_dsp_1_U13,782,445,3,0,0
dadd_64ns_64ns_64_5_full_dsp_1_U14,782,445,3,0,0
dadd_64ns_64ns_64_5_full_dsp_1_U15,782,445,3,0,0
dadd_64ns_64ns_64_5_full_dsp_1_U16,782,445,3,0,0
dadd_64ns_64ns_64_5_full_dsp_1_U17,782,445,3,0,0
dadd_64ns_64ns_64_5_full_dsp_1_U18,782,445,3,0,0
dadd_64ns_64ns_64_5_full_dsp_1_U9,782,445,3,0,0
dadddsub_64ns_64ns_64_5_full_dsp_1_U10,782,445,3,0,0
dadddsub_64ns_64ns_64_5_full_dsp_1_U2,782,445,3,0,0
dadddsub_64ns_64ns_64_5_full_dsp_1_U5,782,445,3,0,0
dadddsub_64ns_64ns_64_5_full_dsp_1_U7,782,445,3,0,0
dadddsub_64ns_64ns_64_5_full_dsp_1_U8,782,445,3,0,0
ddiv_64ns_64ns_64_22_no_dsp_1_U41,0,0,0,0,0
ddiv_64ns_64ns_64_22_no_dsp_1_U42,0,0,0,0,0
dmul_64ns_64ns_64_4_no_dsp_1_U19,2641,477,0,0,0
dmul_64ns_64ns_64_4_no_dsp_1_U20,2641,477,0,0,0
dmul_64ns_64ns_64_4_no_dsp_1_U21,2641,477,0,0,0
dmul_64ns_64ns_64_4_no_dsp_1_U22,2641,477,0,0,0
dmul_64ns_64ns_64_4_no_dsp_1_U23,2641,477,0,0,0
dmul_64ns_64ns_64_4_no_dsp_1_U24,2641,477,0,0,0
dmul_64ns_64ns_64_4_no_dsp_1_U29,2641,477,0,0,0
dmul_64ns_64ns_64_4_no_dsp_1_U30,2641,477,0,0,0
dmul_64ns_64ns_64_4_no_dsp_1_U31,2641,477,0,0,0
dmul_64ns_64ns_64_4_no_dsp_1_U32,2641,477,0,0,0
dmul_64ns_64ns_64_5_full_dsp_1_U25,213,282,10,0,0
dmul_64ns_64ns_64_5_full_dsp_1_U26,213,282,10,0,0
dmul_64ns_64ns_64_5_full_dsp_1_U27,213,282,10,0,0
dmul_64ns_64ns_64_5_full_dsp_1_U28,213,282,10,0,0
dmul_64ns_64ns_64_5_full_dsp_1_U35,213,282,10,0,0
dmul_64ns_64ns_64_5_full_dsp_1_U36,213,282,10,0,0
dmul_64ns_64ns_64_5_full_dsp_1_U37,213,282,10,0,0
dmul_64ns_64ns_64_5_full_dsp_1_U38,213,282,10,0,0
dmul_64ns_64ns_64_5_full_dsp_1_U39,213,282,10,0,0
dmul_64ns_64ns_64_5_full_dsp_1_U40,213,282,10,0,0
dmul_64ns_64ns_64_5_max_dsp_1_U33,203,299,11,0,0
dmul_64ns_64ns_64_5_max_dsp_1_U34,203,299,11,0,0
dsub_64ns_64ns_64_4_no_dsp_1_U1,810,328,0,0,0
dsub_64ns_64ns_64_4_no_dsp_1_U3,810,328,0,0,0
dsub_64ns_64ns_64_4_no_dsp_1_U4,810,328,0,0,0
dsub_64ns_64ns_64_4_no_dsp_1_U6,810,328,0,0,0
flow_control_loop_pipe_U,0,0,0,0,0
mux_21_32_1_1_U100,9,0,0,0,0
mux_21_32_1_1_U104,9,0,0,0,0
mux_21_32_1_1_U108,9,0,0,0,0
mux_21_32_1_1_U112,9,0,0,0,0
mux_21_32_1_1_U116,9,0,0,0,0
mux_21_32_1_1_U120,9,0,0,0,0
mux_21_32_1_1_U124,9,0,0,0,0
mux_21_32_1_1_U128,9,0,0,0,0
mux_21_32_1_1_U132,9,0,0,0,0
mux_21_32_1_1_U136,9,0,0,0,0
mux_21_32_1_1_U140,9,0,0,0,0
mux_21_32_1_1_U144,9,0,0,0,0
mux_21_32_1_1_U148,9,0,0,0,0
mux_21_32_1_1_U152,9,0,0,0,0
mux_21_32_1_1_U156,9,0,0,0,0
mux_21_32_1_1_U160,9,0,0,0,0
mux_21_32_1_1_U164,9,0,0,0,0
mux_21_32_1_1_U46,9,0,0,0,0
mux_21_32_1_1_U50,9,0,0,0,0
mux_21_32_1_1_U51,9,0,0,0,0
mux_21_32_1_1_U52,9,0,0,0,0
mux_21_32_1_1_U56,9,0,0,0,0
mux_21_32_1_1_U60,9,0,0,0,0
mux_21_32_1_1_U64,9,0,0,0,0
mux_21_32_1_1_U68,9,0,0,0,0
mux_21_32_1_1_U72,9,0,0,0,0
mux_21_32_1_1_U76,9,0,0,0,0
mux_21_32_1_1_U80,9,0,0,0,0
mux_21_32_1_1_U84,9,0,0,0,0
mux_21_32_1_1_U88,9,0,0,0,0
mux_21_32_1_1_U92,9,0,0,0,0
mux_21_32_1_1_U96,9,0,0,0,0
mux_21_64_1_1_U43,9,0,0,0,0
mux_21_64_1_1_U44,9,0,0,0,0
mux_21_64_1_1_U45,9,0,0,0,0
mux_21_64_1_1_U47,9,0,0,0,0
mux_21_64_1_1_U48,9,0,0,0,0
mux_21_64_1_1_U49,9,0,0,0,0
mux_225_64_1_1_U101,9,0,0,0,0
mux_225_64_1_1_U102,9,0,0,0,0
mux_225_64_1_1_U103,9,0,0,0,0
mux_225_64_1_1_U105,9,0,0,0,0
mux_225_64_1_1_U106,9,0,0,0,0
mux_225_64_1_1_U107,9,0,0,0,0
mux_225_64_1_1_U109,9,0,0,0,0
mux_225_64_1_1_U110,9,0,0,0,0
mux_225_64_1_1_U111,9,0,0,0,0
mux_225_64_1_1_U113,9,0,0,0,0
mux_225_64_1_1_U114,9,0,0,0,0
mux_225_64_1_1_U115,9,0,0,0,0
mux_225_64_1_1_U117,9,0,0,0,0
mux_225_64_1_1_U118,9,0,0,0,0
mux_225_64_1_1_U119,9,0,0,0,0
mux_225_64_1_1_U121,9,0,0,0,0
mux_225_64_1_1_U122,9,0,0,0,0
mux_225_64_1_1_U123,9,0,0,0,0
mux_225_64_1_1_U125,9,0,0,0,0
mux_225_64_1_1_U126,9,0,0,0,0
mux_225_64_1_1_U127,9,0,0,0,0
mux_225_64_1_1_U129,9,0,0,0,0
mux_225_64_1_1_U130,9,0,0,0,0
mux_225_64_1_1_U131,9,0,0,0,0
mux_225_64_1_1_U133,9,0,0,0,0
mux_225_64_1_1_U134,9,0,0,0,0
mux_225_64_1_1_U135,9,0,0,0,0
mux_225_64_1_1_U137,9,0,0,0,0
mux_225_64_1_1_U138,9,0,0,0,0
mux_225_64_1_1_U139,9,0,0,0,0
mux_225_64_1_1_U141,9,0,0,0,0
mux_225_64_1_1_U142,9,0,0,0,0
mux_225_64_1_1_U143,9,0,0,0,0
mux_225_64_1_1_U145,9,0,0,0,0
mux_225_64_1_1_U146,9,0,0,0,0
mux_225_64_1_1_U147,9,0,0,0,0
mux_225_64_1_1_U149,9,0,0,0,0
mux_225_64_1_1_U150,9,0,0,0,0
mux_225_64_1_1_U151,9,0,0,0,0
mux_225_64_1_1_U153,9,0,0,0,0
mux_225_64_1_1_U154,9,0,0,0,0
mux_225_64_1_1_U155,9,0,0,0,0
mux_225_64_1_1_U157,9,0,0,0,0
mux_225_64_1_1_U158,9,0,0,0,0
mux_225_64_1_1_U159,9,0,0,0,0
mux_225_64_1_1_U161,9,0,0,0,0
mux_225_64_1_1_U162,9,0,0,0,0
mux_225_64_1_1_U163,9,0,0,0,0
mux_225_64_1_1_U165,9,0,0,0,0
mux_225_64_1_1_U166,9,0,0,0,0
mux_225_64_1_1_U167,9,0,0,0,0
mux_225_64_1_1_U168,9,0,0,0,0
mux_225_64_1_1_U169,9,0,0,0,0
mux_225_64_1_1_U170,9,0,0,0,0
mux_225_64_1_1_U171,9,0,0,0,0
mux_225_64_1_1_U172,9,0,0,0,0
mux_225_64_1_1_U173,9,0,0,0,0
mux_225_64_1_1_U174,9,0,0,0,0
mux_225_64_1_1_U175,9,0,0,0,0
mux_225_64_1_1_U176,9,0,0,0,0
mux_225_64_1_1_U53,9,0,0,0,0
mux_225_64_1_1_U54,9,0,0,0,0
mux_225_64_1_1_U55,9,0,0,0,0
mux_225_64_1_1_U57,9,0,0,0,0
mux_225_64_1_1_U58,9,0,0,0,0
mux_225_64_1_1_U59,9,0,0,0,0
mux_225_64_1_1_U61,9,0,0,0,0
mux_225_64_1_1_U62,9,0,0,0,0
mux_225_64_1_1_U63,9,0,0,0,0
mux_225_64_1_1_U65,9,0,0,0,0
mux_225_64_1_1_U66,9,0,0,0,0
mux_225_64_1_1_U67,9,0,0,0,0
mux_225_64_1_1_U69,9,0,0,0,0
mux_225_64_1_1_U70,9,0,0,0,0
mux_225_64_1_1_U71,9,0,0,0,0
mux_225_64_1_1_U73,9,0,0,0,0
mux_225_64_1_1_U74,9,0,0,0,0
mux_225_64_1_1_U75,9,0,0,0,0
mux_225_64_1_1_U77,9,0,0,0,0
mux_225_64_1_1_U78,9,0,0,0,0
mux_225_64_1_1_U79,9,0,0,0,0
mux_225_64_1_1_U81,9,0,0,0,0
mux_225_64_1_1_U82,9,0,0,0,0
mux_225_64_1_1_U83,9,0,0,0,0
mux_225_64_1_1_U85,9,0,0,0,0
mux_225_64_1_1_U86,9,0,0,0,0
mux_225_64_1_1_U87,9,0,0,0,0
mux_225_64_1_1_U89,9,0,0,0,0
mux_225_64_1_1_U90,9,0,0,0,0
mux_225_64_1_1_U91,9,0,0,0,0
mux_225_64_1_1_U93,9,0,0,0,0
mux_225_64_1_1_U94,9,0,0,0,0
mux_225_64_1_1_U95,9,0,0,0,0
mux_225_64_1_1_U97,9,0,0,0,0
mux_225_64_1_1_U98,9,0,0,0,0
mux_225_64_1_1_U99,9,0,0,0,0
add_ln24_fu_4541_p2,16,0,0,0,0
and_ln53_1_fu_11440_p2,128,0,0,0,0
and_ln53_2_fu_11692_p2,128,0,0,0,0
and_ln53_3_fu_11656_p2,128,0,0,0,0
and_ln53_fu_11476_p2,128,0,0,0,0
and_ln54_1_fu_11512_p2,128,0,0,0,0
and_ln54_2_fu_11764_p2,128,0,0,0,0
and_ln54_3_fu_11728_p2,128,0,0,0,0
and_ln54_fu_11548_p2,128,0,0,0,0
and_ln55_1_fu_11584_p2,128,0,0,0,0
and_ln55_2_fu_11836_p2,128,0,0,0,0
and_ln55_3_fu_11800_p2,128,0,0,0,0
and_ln55_fu_11620_p2,128,0,0,0,0
ap_condition_1153,2,0,0,0,0
ap_condition_9348,2,0,0,0,0
ap_enable_pp0,2,0,0,0,0
force_x_0_d0,128,0,0,0,0
force_x_0_d1,128,0,0,0,0
force_x_1_d0,128,0,0,0,0
force_x_1_d1,128,0,0,0,0
force_y_0_d0,128,0,0,0,0
force_y_0_d1,128,0,0,0,0
force_y_1_d0,128,0,0,0,0
force_y_1_d1,128,0,0,0,0
force_z_0_d0,128,0,0,0,0
force_z_0_d1,128,0,0,0,0
force_z_1_d0,128,0,0,0,0
force_z_1_d1,128,0,0,0,0
lshr_ln25_1_fu_4145_p2,423,0,0,0,0
lshr_ln25_2_fu_4340_p2,423,0,0,0,0
lshr_ln25_3_fu_4358_p2,423,0,0,0,0
lshr_ln25_fu_4127_p2,423,0,0,0,0
lshr_ln26_1_fu_4190_p2,423,0,0,0,0
lshr_ln26_2_fu_4385_p2,423,0,0,0,0
lshr_ln26_3_fu_4403_p2,423,0,0,0,0
lshr_ln26_fu_4172_p2,423,0,0,0,0
lshr_ln27_1_fu_4235_p2,423,0,0,0,0
lshr_ln27_2_fu_4430_p2,423,0,0,0,0
lshr_ln27_3_fu_4448_p2,423,0,0,0,0
lshr_ln27_fu_4217_p2,423,0,0,0,0
lshr_ln33_10_fu_6173_p2,182,0,0,0,0
lshr_ln33_11_fu_6186_p2,182,0,0,0,0
lshr_ln33_12_fu_6611_p2,182,0,0,0,0
lshr_ln33_13_fu_6624_p2,182,0,0,0,0
lshr_ln33_14_fu_7049_p2,182,0,0,0,0
lshr_ln33_15_fu_7062_p2,182,0,0,0,0
lshr_ln33_16_fu_7487_p2,182,0,0,0,0
lshr_ln33_17_fu_7500_p2,182,0,0,0,0
lshr_ln33_18_fu_7925_p2,182,0,0,0,0
lshr_ln33_19_fu_7938_p2,182,0,0,0,0
lshr_ln33_1_fu_4284_p2,182,0,0,0,0
lshr_ln33_20_fu_8363_p2,182,0,0,0,0
lshr_ln33_21_fu_8376_p2,182,0,0,0,0
lshr_ln33_22_fu_8801_p2,182,0,0,0,0
lshr_ln33_23_fu_8814_p2,182,0,0,0,0
lshr_ln33_24_fu_9239_p2,182,0,0,0,0
lshr_ln33_25_fu_9252_p2,182,0,0,0,0
lshr_ln33_26_fu_9677_p2,182,0,0,0,0
lshr_ln33_27_fu_9690_p2,182,0,0,0,0
lshr_ln33_28_fu_10115_p2,182,0,0,0,0
lshr_ln33_29_fu_10128_p2,182,0,0,0,0
lshr_ln33_2_fu_4563_p2,182,0,0,0,0
lshr_ln33_30_fu_10553_p2,182,0,0,0,0
lshr_ln33_31_fu_10566_p2,182,0,0,0,0
lshr_ln33_32_fu_4475_p2,182,0,0,0,0
lshr_ln33_33_fu_4489_p2,182,0,0,0,0
lshr_ln33_34_fu_4640_p2,182,0,0,0,0
lshr_ln33_35_fu_4653_p2,182,0,0,0,0
lshr_ln33_36_fu_5078_p2,182,0,0,0,0
lshr_ln33_37_fu_5091_p2,182,0,0,0,0
lshr_ln33_38_fu_5516_p2,182,0,0,0,0
lshr_ln33_39_fu_5529_p2,182,0,0,0,0
lshr_ln33_3_fu_4576_p2,182,0,0,0,0
lshr_ln33_40_fu_5954_p2,182,0,0,0,0
lshr_ln33_41_fu_5967_p2,182,0,0,0,0
lshr_ln33_42_fu_6392_p2,182,0,0,0,0
lshr_ln33_43_fu_6405_p2,182,0,0,0,0
lshr_ln33_44_fu_6830_p2,182,0,0,0,0
lshr_ln33_45_fu_6843_p2,182,0,0,0,0
lshr_ln33_46_fu_7268_p2,182,0,0,0,0
lshr_ln33_47_fu_7281_p2,182,0,0,0,0
lshr_ln33_48_fu_7706_p2,182,0,0,0,0
lshr_ln33_49_fu_7719_p2,182,0,0,0,0
lshr_ln33_4_fu_4859_p2,182,0,0,0,0
lshr_ln33_50_fu_8144_p2,182,0,0,0,0
lshr_ln33_51_fu_8157_p2,182,0,0,0,0
lshr_ln33_52_fu_8582_p2,182,0,0,0,0
lshr_ln33_53_fu_8595_p2,182,0,0,0,0
lshr_ln33_54_fu_9020_p2,182,0,0,0,0
lshr_ln33_55_fu_9033_p2,182,0,0,0,0
lshr_ln33_56_fu_9458_p2,182,0,0,0,0
lshr_ln33_57_fu_9471_p2,182,0,0,0,0
lshr_ln33_58_fu_9896_p2,182,0,0,0,0
lshr_ln33_59_fu_9909_p2,182,0,0,0,0
lshr_ln33_5_fu_4872_p2,182,0,0,0,0
lshr_ln33_60_fu_10334_p2,182,0,0,0,0
lshr_ln33_61_fu_10347_p2,182,0,0,0,0
lshr_ln33_62_fu_10761_p2,182,0,0,0,0
lshr_ln33_63_fu_10774_p2,182,0,0,0,0
lshr_ln33_6_fu_5297_p2,182,0,0,0,0
lshr_ln33_7_fu_5310_p2,182,0,0,0,0
lshr_ln33_8_fu_5735_p2,182,0,0,0,0
lshr_ln33_9_fu_5748_p2,182,0,0,0,0
lshr_ln33_fu_4270_p2,182,0,0,0,0
lshr_ln35_31_fu_4734_p2,423,0,0,0,0
lshr_ln35_32_fu_5154_p2,423,0,0,0,0
lshr_ln35_33_fu_5172_p2,423,0,0,0,0
lshr_ln35_34_fu_5592_p2,423,0,0,0,0
lshr_ln35_35_fu_5610_p2,423,0,0,0,0
lshr_ln35_36_fu_6030_p2,423,0,0,0,0
lshr_ln35_37_fu_6048_p2,423,0,0,0,0
lshr_ln35_38_fu_6468_p2,423,0,0,0,0
lshr_ln35_39_fu_6486_p2,423,0,0,0,0
lshr_ln35_40_fu_6906_p2,423,0,0,0,0
lshr_ln35_41_fu_6924_p2,423,0,0,0,0
lshr_ln35_42_fu_7344_p2,423,0,0,0,0
lshr_ln35_43_fu_7362_p2,423,0,0,0,0
lshr_ln35_44_fu_7782_p2,423,0,0,0,0
lshr_ln35_45_fu_7800_p2,423,0,0,0,0
lshr_ln35_46_fu_8220_p2,423,0,0,0,0
lshr_ln35_47_fu_8238_p2,423,0,0,0,0
lshr_ln35_48_fu_8658_p2,423,0,0,0,0
lshr_ln35_49_fu_8676_p2,423,0,0,0,0
lshr_ln35_50_fu_9096_p2,423,0,0,0,0
lshr_ln35_51_fu_9114_p2,423,0,0,0,0
lshr_ln35_52_fu_9534_p2,423,0,0,0,0
lshr_ln35_53_fu_9552_p2,423,0,0,0,0
lshr_ln35_54_fu_9972_p2,423,0,0,0,0
lshr_ln35_55_fu_9990_p2,423,0,0,0,0
lshr_ln35_56_fu_10410_p2,423,0,0,0,0
lshr_ln35_57_fu_10428_p2,423,0,0,0,0
lshr_ln35_58_fu_10826_p2,423,0,0,0,0
lshr_ln35_59_fu_10844_p2,423,0,0,0,0
lshr_ln35_60_fu_11128_p2,423,0,0,0,0
lshr_ln35_61_fu_11146_p2,423,0,0,0,0
lshr_ln35_62_fu_4935_p2,423,0,0,0,0
lshr_ln35_63_fu_4953_p2,423,0,0,0,0
lshr_ln35_64_fu_5373_p2,423,0,0,0,0
lshr_ln35_65_fu_5391_p2,423,0,0,0,0
lshr_ln35_66_fu_5811_p2,423,0,0,0,0
lshr_ln35_67_fu_5829_p2,423,0,0,0,0
lshr_ln35_68_fu_6249_p2,423,0,0,0,0
lshr_ln35_69_fu_6267_p2,423,0,0,0,0
lshr_ln35_70_fu_6687_p2,423,0,0,0,0
lshr_ln35_71_fu_6705_p2,423,0,0,0,0
lshr_ln35_72_fu_7125_p2,423,0,0,0,0
lshr_ln35_73_fu_7143_p2,423,0,0,0,0
lshr_ln35_74_fu_7563_p2,423,0,0,0,0
lshr_ln35_75_fu_7581_p2,423,0,0,0,0
lshr_ln35_76_fu_8001_p2,423,0,0,0,0
lshr_ln35_77_fu_8019_p2,423,0,0,0,0
lshr_ln35_78_fu_8439_p2,423,0,0,0,0
lshr_ln35_79_fu_8457_p2,423,0,0,0,0
lshr_ln35_80_fu_8877_p2,423,0,0,0,0
lshr_ln35_81_fu_8895_p2,423,0,0,0,0
lshr_ln35_82_fu_9315_p2,423,0,0,0,0
lshr_ln35_83_fu_9333_p2,423,0,0,0,0
lshr_ln35_84_fu_9753_p2,423,0,0,0,0
lshr_ln35_85_fu_9771_p2,423,0,0,0,0
lshr_ln35_86_fu_10191_p2,423,0,0,0,0
lshr_ln35_87_fu_10209_p2,423,0,0,0,0
lshr_ln35_88_fu_10618_p2,423,0,0,0,0
lshr_ln35_89_fu_10636_p2,423,0,0,0,0
lshr_ln35_90_fu_10968_p2,423,0,0,0,0
lshr_ln35_91_fu_10986_p2,423,0,0,0,0
lshr_ln35_92_fu_11270_p2,423,0,0,0,0
lshr_ln35_93_fu_11288_p2,423,0,0,0,0
lshr_ln35_fu_4716_p2,423,0,0,0,0
lshr_ln36_10_fu_6951_p2,423,0,0,0,0
lshr_ln36_11_fu_6969_p2,423,0,0,0,0
lshr_ln36_12_fu_7389_p2,423,0,0,0,0
lshr_ln36_13_fu_7407_p2,423,0,0,0,0
lshr_ln36_14_fu_7827_p2,423,0,0,0,0
lshr_ln36_15_fu_7845_p2,423,0,0,0,0
lshr_ln36_16_fu_8265_p2,423,0,0,0,0
lshr_ln36_17_fu_8283_p2,423,0,0,0,0
lshr_ln36_18_fu_8703_p2,423,0,0,0,0
lshr_ln36_19_fu_8721_p2,423,0,0,0,0
lshr_ln36_1_fu_4779_p2,423,0,0,0,0
lshr_ln36_20_fu_9141_p2,423,0,0,0,0
lshr_ln36_21_fu_9159_p2,423,0,0,0,0
lshr_ln36_22_fu_9579_p2,423,0,0,0,0
lshr_ln36_23_fu_9597_p2,423,0,0,0,0
lshr_ln36_24_fu_10017_p2,423,0,0,0,0
lshr_ln36_25_fu_10035_p2,423,0,0,0,0
lshr_ln36_26_fu_10455_p2,423,0,0,0,0
lshr_ln36_27_fu_10473_p2,423,0,0,0,0
lshr_ln36_28_fu_10871_p2,423,0,0,0,0
lshr_ln36_29_fu_10889_p2,423,0,0,0,0
lshr_ln36_2_fu_5199_p2,423,0,0,0,0
lshr_ln36_30_fu_11173_p2,423,0,0,0,0
lshr_ln36_31_fu_11191_p2,423,0,0,0,0
lshr_ln36_32_fu_4980_p2,423,0,0,0,0
lshr_ln36_33_fu_4998_p2,423,0,0,0,0
lshr_ln36_34_fu_5418_p2,423,0,0,0,0
lshr_ln36_35_fu_5436_p2,423,0,0,0,0
lshr_ln36_36_fu_5856_p2,423,0,0,0,0
lshr_ln36_37_fu_5874_p2,423,0,0,0,0
lshr_ln36_38_fu_6294_p2,423,0,0,0,0
lshr_ln36_39_fu_6312_p2,423,0,0,0,0
lshr_ln36_3_fu_5217_p2,423,0,0,0,0
lshr_ln36_40_fu_6732_p2,423,0,0,0,0
lshr_ln36_41_fu_6750_p2,423,0,0,0,0
lshr_ln36_42_fu_7170_p2,423,0,0,0,0
lshr_ln36_43_fu_7188_p2,423,0,0,0,0
lshr_ln36_44_fu_7608_p2,423,0,0,0,0
lshr_ln36_45_fu_7626_p2,423,0,0,0,0
lshr_ln36_46_fu_8046_p2,423,0,0,0,0
lshr_ln36_47_fu_8064_p2,423,0,0,0,0
lshr_ln36_48_fu_8484_p2,423,0,0,0,0
lshr_ln36_49_fu_8502_p2,423,0,0,0,0
lshr_ln36_4_fu_5637_p2,423,0,0,0,0
lshr_ln36_50_fu_8922_p2,423,0,0,0,0
lshr_ln36_51_fu_8940_p2,423,0,0,0,0
lshr_ln36_52_fu_9360_p2,423,0,0,0,0
lshr_ln36_53_fu_9378_p2,423,0,0,0,0
lshr_ln36_54_fu_9798_p2,423,0,0,0,0
lshr_ln36_55_fu_9816_p2,423,0,0,0,0
lshr_ln36_56_fu_10236_p2,423,0,0,0,0
lshr_ln36_57_fu_10254_p2,423,0,0,0,0
lshr_ln36_58_fu_10663_p2,423,0,0,0,0
lshr_ln36_59_fu_10681_p2,423,0,0,0,0
lshr_ln36_5_fu_5655_p2,423,0,0,0,0
lshr_ln36_60_fu_11013_p2,423,0,0,0,0
lshr_ln36_61_fu_11031_p2,423,0,0,0,0
lshr_ln36_62_fu_11315_p2,423,0,0,0,0
lshr_ln36_63_fu_11333_p2,423,0,0,0,0
lshr_ln36_6_fu_6075_p2,423,0,0,0,0
lshr_ln36_7_fu_6093_p2,423,0,0,0,0
lshr_ln36_8_fu_6513_p2,423,0,0,0,0
lshr_ln36_9_fu_6531_p2,423,0,0,0,0
lshr_ln36_fu_4761_p2,423,0,0,0,0
lshr_ln37_10_fu_6996_p2,423,0,0,0,0
lshr_ln37_11_fu_7014_p2,423,0,0,0,0
lshr_ln37_12_fu_7434_p2,423,0,0,0,0
lshr_ln37_13_fu_7452_p2,423,0,0,0,0
lshr_ln37_14_fu_7872_p2,423,0,0,0,0
lshr_ln37_15_fu_7890_p2,423,0,0,0,0
lshr_ln37_16_fu_8310_p2,423,0,0,0,0
lshr_ln37_17_fu_8328_p2,423,0,0,0,0
lshr_ln37_18_fu_8748_p2,423,0,0,0,0
lshr_ln37_19_fu_8766_p2,423,0,0,0,0
lshr_ln37_1_fu_4824_p2,423,0,0,0,0
lshr_ln37_20_fu_9186_p2,423,0,0,0,0
lshr_ln37_21_fu_9204_p2,423,0,0,0,0
lshr_ln37_22_fu_9624_p2,423,0,0,0,0
lshr_ln37_23_fu_9642_p2,423,0,0,0,0
lshr_ln37_24_fu_10062_p2,423,0,0,0,0
lshr_ln37_25_fu_10080_p2,423,0,0,0,0
lshr_ln37_26_fu_10500_p2,423,0,0,0,0
lshr_ln37_27_fu_10518_p2,423,0,0,0,0
lshr_ln37_28_fu_10916_p2,423,0,0,0,0
lshr_ln37_29_fu_10934_p2,423,0,0,0,0
lshr_ln37_2_fu_5244_p2,423,0,0,0,0
lshr_ln37_30_fu_11218_p2,423,0,0,0,0
lshr_ln37_31_fu_11236_p2,423,0,0,0,0
lshr_ln37_32_fu_5025_p2,423,0,0,0,0
lshr_ln37_33_fu_5043_p2,423,0,0,0,0
lshr_ln37_34_fu_5463_p2,423,0,0,0,0
lshr_ln37_35_fu_5481_p2,423,0,0,0,0
lshr_ln37_36_fu_5901_p2,423,0,0,0,0
lshr_ln37_37_fu_5919_p2,423,0,0,0,0
lshr_ln37_38_fu_6339_p2,423,0,0,0,0
lshr_ln37_39_fu_6357_p2,423,0,0,0,0
lshr_ln37_3_fu_5262_p2,423,0,0,0,0
lshr_ln37_40_fu_6777_p2,423,0,0,0,0
lshr_ln37_41_fu_6795_p2,423,0,0,0,0
lshr_ln37_42_fu_7215_p2,423,0,0,0,0
lshr_ln37_43_fu_7233_p2,423,0,0,0,0
lshr_ln37_44_fu_7653_p2,423,0,0,0,0
lshr_ln37_45_fu_7671_p2,423,0,0,0,0
lshr_ln37_46_fu_8091_p2,423,0,0,0,0
lshr_ln37_47_fu_8109_p2,423,0,0,0,0
lshr_ln37_48_fu_8529_p2,423,0,0,0,0
lshr_ln37_49_fu_8547_p2,423,0,0,0,0
lshr_ln37_4_fu_5682_p2,423,0,0,0,0
lshr_ln37_50_fu_8967_p2,423,0,0,0,0
lshr_ln37_51_fu_8985_p2,423,0,0,0,0
lshr_ln37_52_fu_9405_p2,423,0,0,0,0
lshr_ln37_53_fu_9423_p2,423,0,0,0,0
lshr_ln37_54_fu_9843_p2,423,0,0,0,0
lshr_ln37_55_fu_9861_p2,423,0,0,0,0
lshr_ln37_56_fu_10281_p2,423,0,0,0,0
lshr_ln37_57_fu_10299_p2,423,0,0,0,0
lshr_ln37_58_fu_10708_p2,423,0,0,0,0
lshr_ln37_59_fu_10726_p2,423,0,0,0,0
lshr_ln37_5_fu_5700_p2,423,0,0,0,0
lshr_ln37_60_fu_11058_p2,423,0,0,0,0
lshr_ln37_61_fu_11076_p2,423,0,0,0,0
lshr_ln37_62_fu_11360_p2,423,0,0,0,0
lshr_ln37_63_fu_11378_p2,423,0,0,0,0
lshr_ln37_6_fu_6120_p2,423,0,0,0,0
lshr_ln37_7_fu_6138_p2,423,0,0,0,0
lshr_ln37_8_fu_6558_p2,423,0,0,0,0
lshr_ln37_9_fu_6576_p2,423,0,0,0,0
lshr_ln37_fu_4806_p2,423,0,0,0,0
or_ln24_fu_4072_p2,6,0,0,0,0
or_ln33_10_fu_8417_p2,10,0,0,0,0
or_ln33_11_fu_8855_p2,10,0,0,0,0
or_ln33_12_fu_9293_p2,10,0,0,0,0
or_ln33_13_fu_9731_p2,10,0,0,0,0
or_ln33_14_fu_10169_p2,10,0,0,0,0
or_ln33_15_fu_4530_p2,10,0,0,0,0
or_ln33_16_fu_4694_p2,10,0,0,0,0
or_ln33_17_fu_5132_p2,10,0,0,0,0
or_ln33_18_fu_5570_p2,10,0,0,0,0
or_ln33_19_fu_6008_p2,10,0,0,0,0
or_ln33_1_fu_4617_p2,10,0,0,0,0
or_ln33_20_fu_6446_p2,10,0,0,0,0
or_ln33_21_fu_6884_p2,10,0,0,0,0
or_ln33_22_fu_7322_p2,10,0,0,0,0
or_ln33_23_fu_7760_p2,10,0,0,0,0
or_ln33_24_fu_8198_p2,10,0,0,0,0
or_ln33_25_fu_8636_p2,10,0,0,0,0
or_ln33_26_fu_9074_p2,10,0,0,0,0
or_ln33_27_fu_9512_p2,10,0,0,0,0
or_ln33_28_fu_9950_p2,10,0,0,0,0
or_ln33_29_fu_10388_p2,10,0,0,0,0
or_ln33_2_fu_4913_p2,10,0,0,0,0
or_ln33_3_fu_5351_p2,10,0,0,0,0
or_ln33_4_fu_5789_p2,10,0,0,0,0
or_ln33_5_fu_6227_p2,10,0,0,0,0
or_ln33_6_fu_6665_p2,10,0,0,0,0
or_ln33_7_fu_7103_p2,10,0,0,0,0
or_ln33_8_fu_7541_p2,10,0,0,0,0
or_ln33_9_fu_7979_p2,10,0,0,0,0
or_ln33_fu_4325_p2,10,0,0,0,0
shl_ln53_1_fu_11484_p2,423,0,0,0,0
shl_ln53_2_fu_11428_p2,423,0,0,0,0
shl_ln53_3_fu_11448_p2,423,0,0,0,0
shl_ln53_4_fu_11680_p2,423,0,0,0,0
shl_ln53_5_fu_11700_p2,423,0,0,0,0
shl_ln53_6_fu_11644_p2,423,0,0,0,0
shl_ln53_7_fu_11664_p2,423,0,0,0,0
shl_ln53_fu_11464_p2,423,0,0,0,0
shl_ln54_1_fu_11556_p2,423,0,0,0,0
shl_ln54_2_fu_11500_p2,423,0,0,0,0
shl_ln54_3_fu_11520_p2,423,0,0,0,0
shl_ln54_4_fu_11752_p2,423,0,0,0,0
shl_ln54_5_fu_11772_p2,423,0,0,0,0
shl_ln54_6_fu_11716_p2,423,0,0,0,0
shl_ln54_7_fu_11736_p2,423,0,0,0,0
shl_ln54_fu_11536_p2,423,0,0,0,0
shl_ln55_1_fu_11628_p2,423,0,0,0,0
shl_ln55_2_fu_11572_p2,423,0,0,0,0
shl_ln55_3_fu_11592_p2,423,0,0,0,0
shl_ln55_4_fu_11824_p2,423,0,0,0,0
shl_ln55_5_fu_11844_p2,423,0,0,0,0
shl_ln55_6_fu_11788_p2,423,0,0,0,0
shl_ln55_7_fu_11808_p2,423,0,0,0,0
shl_ln55_fu_11608_p2,423,0,0,0,0
xor_ln53_1_fu_11434_p2,128,0,0,0,0
xor_ln53_2_fu_11686_p2,128,0,0,0,0
xor_ln53_3_fu_11650_p2,128,0,0,0,0
xor_ln53_fu_11470_p2,128,0,0,0,0
xor_ln54_1_fu_11506_p2,128,0,0,0,0
xor_ln54_2_fu_11758_p2,128,0,0,0,0
xor_ln54_3_fu_11722_p2,128,0,0,0,0
xor_ln54_fu_11542_p2,128,0,0,0,0
xor_ln55_1_fu_11578_p2,128,0,0,0,0
xor_ln55_2_fu_11830_p2,128,0,0,0,0
xor_ln55_3_fu_11794_p2,128,0,0,0,0
xor_ln55_fu_11614_p2,128,0,0,0,0
NL_0_address0_mux,81,0,0,0,0
NL_0_address1_mux,81,0,0,0,0
NL_1_address0_mux,81,0,0,0,0
NL_1_address1_mux,81,0,0,0,0
ap_NS_fsm_mux,86,0,0,0,0
ap_done_int_mux,9,0,0,0,0
ap_enable_reg_pp0_iter0_mux,9,0,0,0,0
ap_enable_reg_pp0_iter1_mux,9,0,0,0,0
ap_enable_reg_pp0_iter9_mux,9,0,0,0,0
ap_loop_exit_ready_pp0_iter1_reg_mux,9,0,0,0,0
ap_loop_exit_ready_pp0_iter2_reg_mux,9,0,0,0,0
ap_loop_exit_ready_pp0_iter3_reg_mux,9,0,0,0,0
ap_loop_exit_ready_pp0_iter4_reg_mux,9,0,0,0,0
ap_loop_exit_ready_pp0_iter5_reg_mux,9,0,0,0,0
ap_loop_exit_ready_pp0_iter6_reg_mux,9,0,0,0,0
ap_loop_exit_ready_pp0_iter7_reg_mux,9,0,0,0,0
ap_loop_exit_ready_pp0_iter8_reg_mux,9,0,0,0,0
ap_sig_allocacmp_i_1_mux,9,0,0,0,0
force_x_0_address0_mux,13,0,0,0,0
force_x_0_address1_mux,13,0,0,0,0
force_x_1_address0_mux,13,0,0,0,0
force_x_1_address1_mux,13,0,0,0,0
force_y_0_address0_mux,13,0,0,0,0
force_y_0_address1_mux,13,0,0,0,0
force_y_1_address0_mux,13,0,0,0,0
force_y_1_address1_mux,13,0,0,0,0
force_z_0_address0_mux,13,0,0,0,0
force_z_0_address1_mux,13,0,0,0,0
force_z_1_address0_mux,13,0,0,0,0
force_z_1_address1_mux,13,0,0,0,0
grp_fu_3100_p0_mux,13,0,0,0,0
grp_fu_3100_p1_mux,81,0,0,0,0
grp_fu_3104_opcode_mux,13,0,0,0,0
grp_fu_3104_p0_mux,41,0,0,0,0
grp_fu_3104_p1_mux,86,0,0,0,0
grp_fu_3108_p0_mux,13,0,0,0,0
grp_fu_3108_p1_mux,81,0,0,0,0
grp_fu_3112_p0_mux,13,0,0,0,0
grp_fu_3112_p1_mux,81,0,0,0,0
grp_fu_3116_opcode_mux,13,0,0,0,0
grp_fu_3116_p0_mux,25,0,0,0,0
grp_fu_3116_p1_mux,86,0,0,0,0
grp_fu_3120_p0_mux,13,0,0,0,0
grp_fu_3120_p1_mux,81,0,0,0,0
grp_fu_3124_opcode_mux,13,0,0,0,0
grp_fu_3124_p0_mux,86,0,0,0,0
grp_fu_3124_p1_mux,86,0,0,0,0
grp_fu_3128_opcode_mux,13,0,0,0,0
grp_fu_3128_p0_mux,57,0,0,0,0
grp_fu_3128_p1_mux,65,0,0,0,0
grp_fu_3132_p0_mux,81,0,0,0,0
grp_fu_3132_p1_mux,65,0,0,0,0
grp_fu_3136_opcode_mux,13,0,0,0,0
grp_fu_3136_p0_mux,86,0,0,0,0
grp_fu_3136_p1_mux,65,0,0,0,0
grp_fu_3140_p0_mux,57,0,0,0,0
grp_fu_3140_p1_mux,25,0,0,0,0
grp_fu_3145_p0_mux,53,0,0,0,0
grp_fu_3145_p1_mux,25,0,0,0,0
grp_fu_3152_p0_mux,45,0,0,0,0
grp_fu_3152_p1_mux,81,0,0,0,0
grp_fu_3157_p0_mux,45,0,0,0,0
grp_fu_3157_p1_mux,81,0,0,0,0
grp_fu_3162_p0_mux,45,0,0,0,0
grp_fu_3162_p1_mux,81,0,0,0,0
grp_fu_3167_p0_mux,45,0,0,0,0
grp_fu_3167_p1_mux,81,0,0,0,0
grp_fu_3172_p0_mux,33,0,0,0,0
grp_fu_3172_p1_mux,53,0,0,0,0
grp_fu_3177_p0_mux,33,0,0,0,0
grp_fu_3177_p1_mux,53,0,0,0,0
grp_fu_3182_p0_mux,86,0,0,0,0
grp_fu_3182_p1_mux,86,0,0,0,0
grp_fu_3186_p0_mux,86,0,0,0,0
grp_fu_3186_p1_mux,86,0,0,0,0
grp_fu_3190_p0_mux,86,0,0,0,0
grp_fu_3190_p1_mux,86,0,0,0,0
grp_fu_3194_p0_mux,86,0,0,0,0
grp_fu_3194_p1_mux,86,0,0,0,0
grp_fu_3198_p0_mux,86,0,0,0,0
grp_fu_3198_p1_mux,86,0,0,0,0
grp_fu_3202_p0_mux,86,0,0,0,0
grp_fu_3202_p1_mux,86,0,0,0,0
grp_fu_3206_p0_mux,65,0,0,0,0
grp_fu_3206_p1_mux,53,0,0,0,0
grp_fu_3210_p0_mux,86,0,0,0,0
grp_fu_3210_p1_mux,86,0,0,0,0
grp_fu_3214_p0_mux,57,0,0,0,0
grp_fu_3214_p1_mux,81,0,0,0,0
grp_fu_3218_p0_mux,86,0,0,0,0
grp_fu_3218_p1_mux,53,0,0,0,0
grp_fu_3222_p0_mux,45,0,0,0,0
grp_fu_3222_p1_mux,33,0,0,0,0
grp_fu_3227_p0_mux,65,0,0,0,0
grp_fu_3227_p1_mux,17,0,0,0,0
grp_fu_3236_p0_mux,57,0,0,0,0
grp_fu_3236_p1_mux,45,0,0,0,0
grp_fu_3240_p0_mux,37,0,0,0,0
grp_fu_3240_p1_mux,29,0,0,0,0
grp_fu_3245_p0_mux,81,0,0,0,0
grp_fu_3245_p1_mux,57,0,0,0,0
grp_fu_3249_p0_mux,81,0,0,0,0
grp_fu_3249_p1_mux,57,0,0,0,0
grp_fu_3253_p0_mux,81,0,0,0,0
grp_fu_3253_p1_mux,29,0,0,0,0
grp_fu_3257_p0_mux,81,0,0,0,0
grp_fu_3257_p1_mux,33,0,0,0,0
grp_fu_3261_p0_mux,81,0,0,0,0
grp_fu_3261_p1_mux,33,0,0,0,0
grp_fu_3265_p0_mux,81,0,0,0,0
grp_fu_3265_p1_mux,29,0,0,0,0
grp_fu_3269_p0_mux,61,0,0,0,0
grp_fu_3269_p1_mux,29,0,0,0,0
grp_fu_3273_p0_mux,61,0,0,0,0
grp_fu_3273_p1_mux,29,0,0,0,0
grp_fu_3277_p1_mux,81,0,0,0,0
grp_fu_3282_p1_mux,81,0,0,0,0
i_fu_730_mux,9,0,0,0,0
position_x_0_address0_mux,86,0,0,0,0
position_x_0_address1_mux,86,0,0,0,0
position_x_1_address0_mux,86,0,0,0,0
position_x_1_address1_mux,86,0,0,0,0
position_y_0_address0_mux,86,0,0,0,0
position_y_0_address1_mux,86,0,0,0,0
position_y_1_address0_mux,86,0,0,0,0
position_y_1_address1_mux,86,0,0,0,0
position_z_0_address0_mux,86,0,0,0,0
position_z_0_address1_mux,86,0,0,0,0
position_z_1_address0_mux,86,0,0,0,0
position_z_1_address1_mux,86,0,0,0,0
add1_reg_15300,0,64,0,0,0
add20_10_reg_15481,0,64,0,0,0
add20_12_reg_15521,0,64,0,0,0
add20_1_10_reg_15511,0,64,0,0,0
add20_1_11_reg_15531,0,64,0,0,0
add20_1_1_reg_15023,0,64,0,0,0
add20_1_2_reg_15130,0,64,0,0,0
add20_1_3_reg_15207,0,64,0,0,0
add20_1_4_reg_15269,0,64,0,0,0
add20_1_reg_14916,0,64,0,0,0
add20_2_reg_15084,0,64,0,0,0
add20_3_reg_15176,0,64,0,0,0
add20_4_reg_15238,0,64,0,0,0
add20_5_reg_15305,0,64,0,0,0
add20_6_reg_15344,0,64,0,0,0
add20_7_reg_15397,0,64,0,0,0
add20_s_reg_14962,0,64,0,0,0
add22_10_reg_15556,0,64,0,0,0
add22_11_reg_15566,0,64,0,0,0
add22_12_reg_15576,0,64,0,0,0
add22_13_reg_15586,0,64,0,0,0
add22_14_reg_15596,0,64,0,0,0
add22_15_reg_15606,0,64,0,0,0
add22_1_10_reg_15571,0,64,0,0,0
add22_1_11_reg_15581,0,64,0,0,0
add22_1_12_reg_15591,0,64,0,0,0
add22_1_13_reg_15601,0,64,0,0,0
add22_1_14_reg_15611,0,64,0,0,0
add22_1_1_reg_15368,0,64,0,0,0
add22_1_2_reg_15414,0,64,0,0,0
add22_1_3_reg_15451,0,64,0,0,0
add22_1_4_reg_15471,0,64,0,0,0
add22_1_5_reg_15491,0,64,0,0,0
add22_1_6_reg_15506,0,64,0,0,0
add22_1_7_reg_15526,0,64,0,0,0
add22_1_8_reg_15541,0,64,0,0,0
add22_1_9_reg_15551,0,64,0,0,0
add22_1_reg_15322,0,64,0,0,0
add22_1_s_reg_15561,0,64,0,0,0
add22_2_reg_15392,0,64,0,0,0
add22_3_reg_15436,0,64,0,0,0
add22_4_reg_15466,0,64,0,0,0
add22_5_reg_15476,0,64,0,0,0
add22_6_reg_15501,0,64,0,0,0
add22_7_reg_15516,0,64,0,0,0
add22_8_reg_15536,0,64,0,0,0
add22_9_reg_15546,0,64,0,0,0
add22_s_reg_15339,0,64,0,0,0
add_reg_14875,0,64,0,0,0
and_ln1_reg_12139,0,1,0,0,0
and_ln_reg_12106,0,1,0,0,0
ap_CS_fsm,0,17,0,0,0
ap_done_reg,0,1,0,0,0
ap_enable_reg_pp0_iter0_reg,0,1,0,0,0
ap_enable_reg_pp0_iter1,0,1,0,0,0
ap_enable_reg_pp0_iter2,0,1,0,0,0
ap_enable_reg_pp0_iter3,0,1,0,0,0
ap_enable_reg_pp0_iter4,0,1,0,0,0
ap_enable_reg_pp0_iter5,0,1,0,0,0
ap_enable_reg_pp0_iter6,0,1,0,0,0
ap_enable_reg_pp0_iter7,0,1,0,0,0
ap_enable_reg_pp0_iter8,0,1,0,0,0
ap_enable_reg_pp0_iter9,0,1,0,0,0
ap_loop_exit_ready_pp0_iter1_reg,0,1,0,0,0
ap_loop_exit_ready_pp0_iter2_reg,0,1,0,0,0
ap_loop_exit_ready_pp0_iter3_reg,0,1,0,0,0
ap_loop_exit_ready_pp0_iter4_reg,0,1,0,0,0
ap_loop_exit_ready_pp0_iter5_reg,0,1,0,0,0
ap_loop_exit_ready_pp0_iter6_reg,0,1,0,0,0
ap_loop_exit_ready_pp0_iter7_reg,0,1,0,0,0
ap_loop_exit_ready_pp0_iter8_reg,0,1,0,0,0
bitcast_ln53_1_reg_16615,0,64,0,0,0
bitcast_ln53_reg_16597,0,64,0,0,0
bitcast_ln54_1_reg_16621,0,64,0,0,0
bitcast_ln54_reg_16603,0,64,0,0,0
bitcast_ln55_1_reg_16627,0,64,0,0,0
bitcast_ln55_reg_16609,0,64,0,0,0
delx_10_reg_14887,0,64,0,0,0
delx_11_reg_14979,0,64,0,0,0
delx_12_reg_15101,0,64,0,0,0
delx_13_reg_15193,0,64,0,0,0
delx_14_reg_15255,0,64,0,0,0
delx_15_reg_15354,0,64,0,0,0
delx_16_reg_13110,0,64,0,0,0
delx_17_reg_13296,0,64,0,0,0
delx_18_reg_13482,0,64,0,0,0
delx_19_reg_13668,0,64,0,0,0
delx_1_reg_13203,0,64,0,0,0
delx_20_reg_13854,0,64,0,0,0
delx_21_reg_14050,0,64,0,0,0
delx_22_reg_14246,0,64,0,0,0
delx_23_reg_14432,0,64,0,0,0
delx_24_reg_14623,0,64,0,0,0
delx_25_reg_14799,0,64,0,0,0
delx_26_reg_14933,0,64,0,0,0
delx_27_reg_15040,0,64,0,0,0
delx_28_reg_15147,0,64,0,0,0
delx_29_reg_15224,0,64,0,0,0
delx_2_reg_13389,0,64,0,0,0
delx_30_reg_15286,0,64,0,0,0
delx_31_reg_15378,0,64,0,0,0
delx_3_reg_13575,0,64,0,0,0
delx_4_reg_13761,0,64,0,0,0
delx_5_reg_13952,0,64,0,0,0
delx_6_reg_14148,0,64,0,0,0
delx_7_reg_14339,0,64,0,0,0
delx_8_reg_14530,0,64,0,0,0
delx_9_reg_14716,0,64,0,0,0
delx_reg_13024,0,64,0,0,0
dely_10_reg_14972,0,64,0,0,0
dely_11_reg_15094,0,64,0,0,0
dely_12_reg_15186,0,64,0,0,0
dely_13_reg_15248,0,64,0,0,0
dely_14_reg_15315,0,64,0,0,0
dely_15_reg_15407,0,64,0,0,0
dely_16_reg_13289,0,64,0,0,0
dely_17_reg_13475,0,64,0,0,0
dely_18_reg_13661,0,64,0,0,0
dely_19_reg_13847,0,64,0,0,0
dely_1_reg_13382,0,64,0,0,0
dely_20_reg_14043,0,64,0,0,0
dely_21_reg_14239,0,64,0,0,0
dely_22_reg_14425,0,64,0,0,0
dely_23_reg_14616,0,64,0,0,0
dely_24_reg_14792,0,64,0,0,0
dely_25_reg_14926,0,64,0,0,0
dely_26_reg_15033,0,64,0,0,0
dely_27_reg_15140,0,64,0,0,0
dely_28_reg_15217,0,64,0,0,0
dely_29_reg_15279,0,64,0,0,0
dely_2_reg_13568,0,64,0,0,0
dely_30_reg_15332,0,64,0,0,0
dely_31_reg_15429,0,64,0,0,0
dely_3_reg_13754,0,64,0,0,0
dely_4_reg_13945,0,64,0,0,0
dely_5_reg_14141,0,64,0,0,0
dely_6_reg_14332,0,64,0,0,0
dely_7_reg_14523,0,64,0,0,0
dely_8_reg_14709,0,64,0,0,0
dely_9_reg_14880,0,64,0,0,0
dely_reg_13196,0,64,0,0,0
delz_10_reg_14894,0,64,0,0,0
delz_11_reg_14986,0,64,0,0,0
delz_12_reg_15108,0,64,0,0,0
delz_13_reg_15200,0,64,0,0,0
delz_14_reg_15262,0,64,0,0,0
delz_15_reg_15361,0,64,0,0,0
delz_16_reg_13117,0,64,0,0,0
delz_17_reg_13303,0,64,0,0,0
delz_18_reg_13489,0,64,0,0,0
delz_19_reg_13675,0,64,0,0,0
delz_1_reg_13210,0,64,0,0,0
delz_20_reg_13861,0,64,0,0,0
delz_21_reg_14057,0,64,0,0,0
delz_22_reg_14253,0,64,0,0,0
delz_23_reg_14439,0,64,0,0,0
delz_24_reg_14630,0,64,0,0,0
delz_25_reg_14806,0,64,0,0,0
delz_26_reg_14940,0,64,0,0,0
delz_27_reg_15047,0,64,0,0,0
delz_28_reg_15154,0,64,0,0,0
delz_29_reg_15231,0,64,0,0,0
delz_2_reg_13396,0,64,0,0,0
delz_30_reg_15293,0,64,0,0,0
delz_31_reg_15385,0,64,0,0,0
delz_3_reg_13582,0,64,0,0,0
delz_4_reg_13768,0,64,0,0,0
delz_5_reg_13959,0,64,0,0,0
delz_6_reg_14155,0,64,0,0,0
delz_7_reg_14346,0,64,0,0,0
delz_8_reg_14537,0,64,0,0,0
delz_9_reg_14723,0,64,0,0,0
delz_reg_13031,0,64,0,0,0
force_15_reg_16448,0,64,0,0,0
force_31_reg_16470,0,64,0,0,0
force_x_0_addr_1_reg_12070,0,5,0,0,0
force_x_0_addr_reg_11975,0,6,0,0,0
force_x_0_load_1_reg_12304,0,128,0,0,0
force_x_0_load_reg_12230,0,128,0,0,0
force_x_1_addr_1_reg_12088,0,5,0,0,0
force_x_1_addr_reg_11993,0,6,0,0,0
force_x_1_load_1_reg_12319,0,128,0,0,0
force_x_1_load_reg_12245,0,128,0,0,0
force_y_0_addr_1_reg_12076,0,5,0,0,0
force_y_0_addr_reg_11981,0,6,0,0,0
force_y_0_load_1_reg_12309,0,128,0,0,0
force_y_0_load_reg_12235,0,128,0,0,0
force_y_1_addr_1_reg_12094,0,5,0,0,0
force_y_1_addr_reg_11999,0,6,0,0,0
force_y_1_load_1_reg_12324,0,128,0,0,0
force_y_1_load_reg_12250,0,128,0,0,0
force_z_0_addr_1_reg_12082,0,5,0,0,0
force_z_0_addr_reg_11987,0,6,0,0,0
force_z_0_load_1_reg_12314,0,128,0,0,0
force_z_0_load_reg_12240,0,128,0,0,0
force_z_1_addr_1_reg_12100,0,5,0,0,0
force_z_1_addr_reg_12005,0,6,0,0,0
force_z_1_load_1_reg_12329,0,128,0,0,0
force_z_1_load_reg_12255,0,128,0,0,0
i_1_reg_11864,0,9,0,0,0
i_fu_730,0,9,0,0,0
i_x_1_reg_12260,0,64,0,0,0
i_x_1_reg_12260_pp0_iter1_reg,0,64,0,0,0
i_x_reg_12122,0,64,0,0,0
i_x_reg_12122_pp0_iter1_reg,0,64,0,0,0
i_y_1_reg_12265,0,64,0,0,0
i_y_1_reg_12265_pp0_iter1_reg,0,64,0,0,0
i_y_reg_12127,0,64,0,0,0
i_y_reg_12127_pp0_iter1_reg,0,64,0,0,0
i_z_1_reg_12272,0,64,0,0,0
i_z_1_reg_12272_pp0_iter1_reg,0,64,0,0,0
i_z_reg_12134,0,64,0,0,0
i_z_reg_12134_pp0_iter1_reg,0,64,0,0,0
j_x_10_reg_14162,0,64,0,0,0
j_x_11_reg_14353,0,64,0,0,0
j_x_12_reg_14544,0,64,0,0,0
j_x_13_reg_14730,0,64,0,0,0
j_x_14_reg_14901,0,64,0,0,0
j_x_15_reg_15115,0,64,0,0,0
j_x_16_reg_12520,0,64,0,0,0
j_x_17_reg_12664,0,64,0,0,0
j_x_18_reg_12808,0,64,0,0,0
j_x_19_reg_12952,0,64,0,0,0
j_x_1_reg_12592,0,64,0,0,0
j_x_20_reg_13124,0,64,0,0,0
j_x_21_reg_13310,0,64,0,0,0
j_x_22_reg_13496,0,64,0,0,0
j_x_23_reg_13682,0,64,0,0,0
j_x_24_reg_13868,0,64,0,0,0
j_x_25_reg_14064,0,64,0,0,0
j_x_26_reg_14260,0,64,0,0,0
j_x_27_reg_14446,0,64,0,0,0
j_x_28_reg_14637,0,64,0,0,0
j_x_29_reg_14813,0,64,0,0,0
j_x_2_reg_12736,0,64,0,0,0
j_x_30_reg_14947,0,64,0,0,0
j_x_31_reg_15161,0,64,0,0,0
j_x_3_reg_12880,0,64,0,0,0
j_x_4_reg_13038,0,64,0,0,0
j_x_5_reg_13217,0,64,0,0,0
j_x_6_reg_13403,0,64,0,0,0
j_x_7_reg_13589,0,64,0,0,0
j_x_8_reg_13775,0,64,0,0,0
j_x_9_reg_13966,0,64,0,0,0
j_x_reg_12448,0,64,0,0,0
j_y_10_reg_14167,0,64,0,0,0
j_y_11_reg_14358,0,64,0,0,0
j_y_12_reg_14549,0,64,0,0,0
j_y_13_reg_14735,0,64,0,0,0
j_y_14_reg_14906,0,64,0,0,0
j_y_15_reg_15120,0,64,0,0,0
j_y_16_reg_12525,0,64,0,0,0
j_y_17_reg_12669,0,64,0,0,0
j_y_18_reg_12813,0,64,0,0,0
j_y_19_reg_12957,0,64,0,0,0
j_y_1_reg_12597,0,64,0,0,0
j_y_20_reg_13129,0,64,0,0,0
j_y_21_reg_13315,0,64,0,0,0
j_y_22_reg_13501,0,64,0,0,0
j_y_23_reg_13687,0,64,0,0,0
j_y_24_reg_13873,0,64,0,0,0
j_y_25_reg_14069,0,64,0,0,0
j_y_26_reg_14265,0,64,0,0,0
j_y_27_reg_14451,0,64,0,0,0
j_y_28_reg_14642,0,64,0,0,0
j_y_29_reg_14818,0,64,0,0,0
j_y_2_reg_12741,0,64,0,0,0
j_y_30_reg_14952,0,64,0,0,0
j_y_31_reg_15166,0,64,0,0,0
j_y_3_reg_12885,0,64,0,0,0
j_y_4_reg_13043,0,64,0,0,0
j_y_5_reg_13222,0,64,0,0,0
j_y_6_reg_13408,0,64,0,0,0
j_y_7_reg_13594,0,64,0,0,0
j_y_8_reg_13780,0,64,0,0,0
j_y_9_reg_13971,0,64,0,0,0
j_y_reg_12453,0,64,0,0,0
j_z_10_reg_14172,0,64,0,0,0
j_z_11_reg_14363,0,64,0,0,0
j_z_12_reg_14554,0,64,0,0,0
j_z_13_reg_14740,0,64,0,0,0
j_z_14_reg_14911,0,64,0,0,0
j_z_15_reg_15125,0,64,0,0,0
j_z_16_reg_12530,0,64,0,0,0
j_z_17_reg_12674,0,64,0,0,0
j_z_18_reg_12818,0,64,0,0,0
j_z_19_reg_12962,0,64,0,0,0
j_z_1_reg_12602,0,64,0,0,0
j_z_20_reg_13134,0,64,0,0,0
j_z_21_reg_13320,0,64,0,0,0
j_z_22_reg_13506,0,64,0,0,0
j_z_23_reg_13692,0,64,0,0,0
j_z_24_reg_13878,0,64,0,0,0
j_z_25_reg_14074,0,64,0,0,0
j_z_26_reg_14270,0,64,0,0,0
j_z_27_reg_14456,0,64,0,0,0
j_z_28_reg_14647,0,64,0,0,0
j_z_29_reg_14823,0,64,0,0,0
j_z_2_reg_12746,0,64,0,0,0
j_z_30_reg_14957,0,64,0,0,0
j_z_31_reg_15171,0,64,0,0,0
j_z_3_reg_12890,0,64,0,0,0
j_z_4_reg_13048,0,64,0,0,0
j_z_5_reg_13227,0,64,0,0,0
j_z_6_reg_13413,0,64,0,0,0
j_z_7_reg_13599,0,64,0,0,0
j_z_8_reg_13785,0,64,0,0,0
j_z_9_reg_13976,0,64,0,0,0
j_z_reg_12458,0,64,0,0,0
lshr_ln1_reg_12208,0,25,0,0,0
lshr_ln35_10_reg_14016,0,25,0,0,0
lshr_ln35_11_reg_14212,0,25,0,0,0
lshr_ln35_12_reg_14403,0,25,0,0,0
lshr_ln35_13_reg_14594,0,25,0,0,0
lshr_ln35_14_reg_14780,0,25,0,0,0
lshr_ln35_15_reg_12282,0,25,0,0,0
lshr_ln35_16_reg_12426,0,25,0,0,0
lshr_ln35_17_reg_12570,0,25,0,0,0
lshr_ln35_18_reg_12714,0,25,0,0,0
lshr_ln35_19_reg_12858,0,25,0,0,0
lshr_ln35_1_reg_13088,0,25,0,0,0
lshr_ln35_20_reg_13002,0,25,0,0,0
lshr_ln35_21_reg_13174,0,25,0,0,0
lshr_ln35_22_reg_13360,0,25,0,0,0
lshr_ln35_23_reg_13546,0,25,0,0,0
lshr_ln35_24_reg_13732,0,25,0,0,0
lshr_ln35_25_reg_13918,0,25,0,0,0
lshr_ln35_26_reg_14114,0,25,0,0,0
lshr_ln35_27_reg_14310,0,25,0,0,0
lshr_ln35_28_reg_14496,0,25,0,0,0
lshr_ln35_29_reg_14687,0,25,0,0,0
lshr_ln35_2_reg_12369,0,25,0,0,0
lshr_ln35_30_reg_14863,0,25,0,0,0
lshr_ln35_3_reg_13267,0,25,0,0,0
lshr_ln35_4_reg_12498,0,25,0,0,0
lshr_ln35_5_reg_13453,0,25,0,0,0
lshr_ln35_6_reg_12642,0,25,0,0,0
lshr_ln35_7_reg_13639,0,25,0,0,0
lshr_ln35_8_reg_12786,0,25,0,0,0
lshr_ln35_9_reg_13825,0,25,0,0,0
lshr_ln35_s_reg_12930,0,25,0,0,0
mul18_14_reg_15441,0,64,0,0,0
mul18_1_12_reg_15419,0,64,0,0,0
mul18_1_13_reg_15456,0,64,0,0,0
mul21_10_reg_15243,0,64,0,0,0
mul21_11_reg_15310,0,64,0,0,0
mul21_12_reg_15349,0,64,0,0,0
mul21_13_reg_15402,0,64,0,0,0
mul21_14_reg_15446,0,64,0,0,0
mul21_15_reg_15486,0,64,0,0,0
mul21_1_10_reg_15327,0,64,0,0,0
mul21_1_11_reg_15373,0,64,0,0,0
mul21_1_12_reg_15424,0,64,0,0,0
mul21_1_13_reg_15461,0,64,0,0,0
mul21_1_14_reg_15496,0,64,0,0,0
mul21_1_1_reg_14038,0,64,0,0,0
mul21_1_2_reg_14234,0,64,0,0,0
mul21_1_6_reg_14921,0,64,0,0,0
mul21_1_7_reg_15028,0,64,0,0,0
mul21_1_8_reg_15135,0,64,0,0,0
mul21_1_9_reg_15212,0,64,0,0,0
mul21_1_s_reg_15274,0,64,0,0,0
mul21_2_reg_14136,0,64,0,0,0
mul21_4_reg_14518,0,64,0,0,0
mul21_7_reg_14967,0,64,0,0,0
mul21_8_reg_15089,0,64,0,0,0
mul21_9_reg_15181,0,64,0,0,0
mul21_s_reg_13940,0,64,0,0,0
mul23_15_reg_16018,0,64,0,0,0
mul23_2_reg_15733,0,64,0,0,0
mul23_3_reg_15754,0,64,0,0,0
mul23_4_reg_15775,0,64,0,0,0
mul23_s_reg_15712,0,64,0,0,0
mul25_15_reg_16098,0,64,0,0,0
mul29_10_reg_16403,0,64,0,0,0
mul29_11_reg_16433,0,64,0,0,0
mul29_12_reg_16477,0,64,0,0,0
mul29_13_reg_16507,0,64,0,0,0
mul29_14_reg_16537,0,64,0,0,0
mul29_15_reg_16567,0,64,0,0,0
mul29_1_10_reg_16455,0,64,0,0,0
mul29_1_11_reg_16492,0,64,0,0,0
mul29_1_12_reg_16522,0,64,0,0,0
mul29_1_13_reg_16552,0,64,0,0,0
mul29_1_14_reg_16582,0,64,0,0,0
mul29_1_1_reg_16148,0,64,0,0,0
mul29_1_2_reg_16178,0,64,0,0,0
mul29_1_3_reg_16208,0,64,0,0,0
mul29_1_4_reg_16238,0,64,0,0,0
mul29_1_5_reg_16268,0,64,0,0,0
mul29_1_5_reg_16268_pp0_iter5_reg,0,64,0,0,0
mul29_1_6_reg_16298,0,64,0,0,0
mul29_1_6_reg_16298_pp0_iter5_reg,0,64,0,0,0
mul29_1_7_reg_16328,0,64,0,0,0
mul29_1_7_reg_16328_pp0_iter5_reg,0,64,0,0,0
mul29_1_8_reg_16358,0,64,0,0,0
mul29_1_9_reg_16388,0,64,0,0,0
mul29_1_reg_16118,0,64,0,0,0
mul29_1_s_reg_16418,0,64,0,0,0
mul29_2_reg_16163,0,64,0,0,0
mul29_3_reg_16193,0,64,0,0,0
mul29_4_reg_16223,0,64,0,0,0
mul29_5_reg_16253,0,64,0,0,0
mul29_5_reg_16253_pp0_iter5_reg,0,64,0,0,0
mul29_6_reg_16283,0,64,0,0,0
mul29_6_reg_16283_pp0_iter5_reg,0,64,0,0,0
mul29_7_reg_16313,0,64,0,0,0
mul29_7_reg_16313_pp0_iter5_reg,0,64,0,0,0
mul29_8_reg_16343,0,64,0,0,0
mul29_9_reg_16373,0,64,0,0,0
mul29_s_reg_16133,0,64,0,0,0
mul31_10_reg_16408,0,64,0,0,0
mul31_11_reg_16438,0,64,0,0,0
mul31_12_reg_16482,0,64,0,0,0
mul31_13_reg_16512,0,64,0,0,0
mul31_14_reg_16542,0,64,0,0,0
mul31_15_reg_16572,0,64,0,0,0
mul31_1_10_reg_16460,0,64,0,0,0
mul31_1_11_reg_16497,0,64,0,0,0
mul31_1_12_reg_16527,0,64,0,0,0
mul31_1_13_reg_16557,0,64,0,0,0
mul31_1_14_reg_16587,0,64,0,0,0
mul31_1_1_reg_16153,0,64,0,0,0
mul31_1_2_reg_16183,0,64,0,0,0
mul31_1_3_reg_16213,0,64,0,0,0
mul31_1_4_reg_16243,0,64,0,0,0
mul31_1_5_reg_16273,0,64,0,0,0
mul31_1_5_reg_16273_pp0_iter5_reg,0,64,0,0,0
mul31_1_6_reg_16303,0,64,0,0,0
mul31_1_6_reg_16303_pp0_iter5_reg,0,64,0,0,0
mul31_1_7_reg_16333,0,64,0,0,0
mul31_1_7_reg_16333_pp0_iter5_reg,0,64,0,0,0
mul31_1_8_reg_16363,0,64,0,0,0
mul31_1_9_reg_16393,0,64,0,0,0
mul31_1_reg_16123,0,64,0,0,0
mul31_1_s_reg_16423,0,64,0,0,0
mul31_2_reg_16168,0,64,0,0,0
mul31_3_reg_16198,0,64,0,0,0
mul31_4_reg_16228,0,64,0,0,0
mul31_5_reg_16258,0,64,0,0,0
mul31_5_reg_16258_pp0_iter5_reg,0,64,0,0,0
mul31_6_reg_16288,0,64,0,0,0
mul31_6_reg_16288_pp0_iter5_reg,0,64,0,0,0
mul31_7_reg_16318,0,64,0,0,0
mul31_7_reg_16318_pp0_iter5_reg,0,64,0,0,0
mul31_8_reg_16348,0,64,0,0,0
mul31_9_reg_16378,0,64,0,0,0
mul31_s_reg_16138,0,64,0,0,0
mul33_10_reg_16413,0,64,0,0,0
mul33_11_reg_16443,0,64,0,0,0
mul33_12_reg_16487,0,64,0,0,0
mul33_13_reg_16517,0,64,0,0,0
mul33_14_reg_16547,0,64,0,0,0
mul33_15_reg_16577,0,64,0,0,0
mul33_1_10_reg_16465,0,64,0,0,0
mul33_1_11_reg_16502,0,64,0,0,0
mul33_1_12_reg_16532,0,64,0,0,0
mul33_1_13_reg_16562,0,64,0,0,0
mul33_1_14_reg_16592,0,64,0,0,0
mul33_1_1_reg_16158,0,64,0,0,0
mul33_1_2_reg_16188,0,64,0,0,0
mul33_1_3_reg_16218,0,64,0,0,0
mul33_1_4_reg_16248,0,64,0,0,0
mul33_1_5_reg_16278,0,64,0,0,0
mul33_1_5_reg_16278_pp0_iter5_reg,0,64,0,0,0
mul33_1_6_reg_16308,0,64,0,0,0
mul33_1_6_reg_16308_pp0_iter5_reg,0,64,0,0,0
mul33_1_7_reg_16338,0,64,0,0,0
mul33_1_7_reg_16338_pp0_iter5_reg,0,64,0,0,0
mul33_1_8_reg_16368,0,64,0,0,0
mul33_1_9_reg_16398,0,64,0,0,0
mul33_1_reg_16128,0,64,0,0,0
mul33_1_s_reg_16428,0,64,0,0,0
mul33_2_reg_16173,0,64,0,0,0
mul33_3_reg_16203,0,64,0,0,0
mul33_4_reg_16233,0,64,0,0,0
mul33_5_reg_16263,0,64,0,0,0
mul33_5_reg_16263_pp0_iter5_reg,0,64,0,0,0
mul33_6_reg_16293,0,64,0,0,0
mul33_6_reg_16293_pp0_iter5_reg,0,64,0,0,0
mul33_7_reg_16323,0,64,0,0,0
mul33_7_reg_16323_pp0_iter5_reg,0,64,0,0,0
mul33_8_reg_16353,0,64,0,0,0
mul33_9_reg_16383,0,64,0,0,0
mul33_s_reg_16143,0,64,0,0,0
mul3_reg_15691,0,64,0,0,0
mul4_reg_16113,0,64,0,0,0
mul8_reg_16103,0,64,0,0,0
mul9_reg_16108,0,64,0,0,0
potential_22_reg_16083,0,64,0,0,0
potential_6_reg_16078,0,64,0,0,0
potential_7_reg_16088,0,64,0,0,0
r2inv_10_reg_15801,0,64,0,0,0
r2inv_10_reg_15801_pp0_iter4_reg,0,64,0,0,0
r2inv_11_reg_15828,0,64,0,0,0
r2inv_11_reg_15828_pp0_iter4_reg,0,64,0,0,0
r2inv_12_reg_15856,0,64,0,0,0
r2inv_12_reg_15856_pp0_iter4_reg,0,64,0,0,0
r2inv_13_reg_15883,0,64,0,0,0
r2inv_13_reg_15883_pp0_iter4_reg,0,64,0,0,0
r2inv_14_reg_15909,0,64,0,0,0
r2inv_14_reg_15909_pp0_iter4_reg,0,64,0,0,0
r2inv_15_reg_15946,0,64,0,0,0
r2inv_15_reg_15946_pp0_iter4_reg,0,64,0,0,0
r2inv_16_reg_15623,0,64,0,0,0
r2inv_16_reg_15623_pp0_iter3_reg,0,64,0,0,0
r2inv_17_reg_15638,0,64,0,0,0
r2inv_17_reg_15638_pp0_iter3_reg,0,64,0,0,0
r2inv_18_reg_15653,0,64,0,0,0
r2inv_18_reg_15653_pp0_iter3_reg,0,64,0,0,0
r2inv_19_reg_15668,0,64,0,0,0
r2inv_19_reg_15668_pp0_iter3_reg,0,64,0,0,0
r2inv_1_reg_15631,0,64,0,0,0
r2inv_1_reg_15631_pp0_iter3_reg,0,64,0,0,0
r2inv_20_reg_15683,0,64,0,0,0
r2inv_20_reg_15683_pp0_iter3_reg,0,64,0,0,0
r2inv_21_reg_15704,0,64,0,0,0
r2inv_21_reg_15704_pp0_iter3_reg,0,64,0,0,0
r2inv_22_reg_15725,0,64,0,0,0
r2inv_22_reg_15725_pp0_iter3_reg,0,64,0,0,0
r2inv_23_reg_15746,0,64,0,0,0
r2inv_23_reg_15746_pp0_iter4_reg,0,64,0,0,0
r2inv_24_reg_15767,0,64,0,0,0
r2inv_24_reg_15767_pp0_iter4_reg,0,64,0,0,0
r2inv_25_reg_15788,0,64,0,0,0
r2inv_25_reg_15788_pp0_iter4_reg,0,64,0,0,0
r2inv_26_reg_15815,0,64,0,0,0
r2inv_26_reg_15815_pp0_iter4_reg,0,64,0,0,0
r2inv_27_reg_15842,0,64,0,0,0
r2inv_27_reg_15842_pp0_iter4_reg,0,64,0,0,0
r2inv_28_reg_15870,0,64,0,0,0
r2inv_28_reg_15870_pp0_iter4_reg,0,64,0,0,0
r2inv_29_reg_15897,0,64,0,0,0
r2inv_29_reg_15897_pp0_iter4_reg,0,64,0,0,0
r2inv_2_reg_15646,0,64,0,0,0
r2inv_2_reg_15646_pp0_iter3_reg,0,64,0,0,0
r2inv_30_reg_15923,0,64,0,0,0
r2inv_30_reg_15923_pp0_iter4_reg,0,64,0,0,0
r2inv_31_reg_15959,0,64,0,0,0
r2inv_31_reg_15959_pp0_iter4_reg,0,64,0,0,0
r2inv_3_reg_15661,0,64,0,0,0
r2inv_3_reg_15661_pp0_iter3_reg,0,64,0,0,0
r2inv_4_reg_15676,0,64,0,0,0
r2inv_4_reg_15676_pp0_iter3_reg,0,64,0,0,0
r2inv_5_reg_15696,0,64,0,0,0
r2inv_5_reg_15696_pp0_iter3_reg,0,64,0,0,0
r2inv_6_reg_15717,0,64,0,0,0
r2inv_6_reg_15717_pp0_iter3_reg,0,64,0,0,0
r2inv_7_reg_15738,0,64,0,0,0
r2inv_7_reg_15738_pp0_iter4_reg,0,64,0,0,0
r2inv_8_reg_15759,0,64,0,0,0
r2inv_8_reg_15759_pp0_iter4_reg,0,64,0,0,0
r2inv_9_reg_15780,0,64,0,0,0
r2inv_9_reg_15780_pp0_iter4_reg,0,64,0,0,0
r2inv_reg_15616,0,64,0,0,0
r2inv_reg_15616_pp0_iter3_reg,0,64,0,0,0
r6inv_10_reg_16000,0,64,0,0,0
r6inv_11_reg_16012,0,64,0,0,0
r6inv_12_reg_16029,0,64,0,0,0
r6inv_13_reg_16045,0,64,0,0,0
r6inv_14_reg_16056,0,64,0,0,0
r6inv_15_reg_16067,0,64,0,0,0
r6inv_16_reg_15809,0,64,0,0,0
r6inv_17_reg_15836,0,64,0,0,0
r6inv_18_reg_15864,0,64,0,0,0
r6inv_19_reg_15891,0,64,0,0,0
r6inv_1_reg_15823,0,64,0,0,0
r6inv_20_reg_15917,0,64,0,0,0
r6inv_21_reg_15935,0,64,0,0,0
r6inv_22_reg_15954,0,64,0,0,0
r6inv_23_reg_15971,0,64,0,0,0
r6inv_24_reg_15983,0,64,0,0,0
r6inv_25_reg_15995,0,64,0,0,0
r6inv_26_reg_16006,0,64,0,0,0
r6inv_27_reg_16023,0,64,0,0,0
r6inv_28_reg_16040,0,64,0,0,0
r6inv_29_reg_16051,0,64,0,0,0
r6inv_2_reg_15850,0,64,0,0,0
r6inv_30_reg_16062,0,64,0,0,0
r6inv_31_reg_16073,0,64,0,0,0
r6inv_3_reg_15877,0,64,0,0,0
r6inv_4_reg_15904,0,64,0,0,0
r6inv_5_reg_15930,0,64,0,0,0
r6inv_6_reg_15941,0,64,0,0,0
r6inv_7_reg_15966,0,64,0,0,0
r6inv_8_reg_15977,0,64,0,0,0
r6inv_9_reg_15989,0,64,0,0,0
r6inv_reg_15796,0,64,0,0,0
reg_3287,0,64,0,0,0
reg_3294,0,64,0,0,0
reg_3300,0,64,0,0,0
reg_3306,0,64,0,0,0
reg_3312,0,64,0,0,0
reg_3319,0,64,0,0,0
reg_3325,0,64,0,0,0
reg_3332,0,64,0,0,0
reg_3338,0,64,0,0,0
reg_3345,0,64,0,0,0
reg_3351,0,64,0,0,0
reg_3358,0,64,0,0,0
reg_3364,0,64,0,0,0
reg_3370,0,64,0,0,0
reg_3377,0,64,0,0,0
reg_3383,0,64,0,0,0
reg_3390,0,64,0,0,0
reg_3397,0,64,0,0,0
reg_3403,0,64,0,0,0
reg_3409,0,64,0,0,0
reg_3415,0,64,0,0,0
reg_3422,0,64,0,0,0
reg_3429,0,64,0,0,0
reg_3435,0,64,0,0,0
reg_3441,0,64,0,0,0
reg_3447,0,64,0,0,0
reg_3453,0,64,0,0,0
reg_3459,0,64,0,0,0
reg_3466,0,64,0,0,0
reg_3472,0,64,0,0,0
reg_3478,0,64,0,0,0
reg_3484,0,64,0,0,0
reg_3490,0,64,0,0,0
reg_3496,0,64,0,0,0
reg_3502,0,64,0,0,0
reg_3508,0,64,0,0,0
reg_3515,0,64,0,0,0
reg_3521,0,64,0,0,0
reg_3527,0,64,0,0,0
reg_3534,0,64,0,0,0
reg_3540,0,64,0,0,0
reg_3546,0,64,0,0,0
reg_3552,0,64,0,0,0
reg_3558,0,64,0,0,0
reg_3564,0,64,0,0,0
reg_3571,0,64,0,0,0
reg_3576,0,64,0,0,0
reg_3582,0,64,0,0,0
reg_3588,0,64,0,0,0
reg_3594,0,64,0,0,0
reg_3600,0,64,0,0,0
reg_3606,0,64,0,0,0
reg_3612,0,64,0,0,0
reg_3618,0,64,0,0,0
reg_3624,0,64,0,0,0
reg_3630,0,64,0,0,0
reg_3636,0,64,0,0,0
reg_3642,0,64,0,0,0
reg_3649,0,64,0,0,0
reg_3656,0,64,0,0,0
reg_3662,0,64,0,0,0
reg_3668,0,64,0,0,0
reg_3675,0,64,0,0,0
reg_3681,0,64,0,0,0
reg_3687,0,64,0,0,0
reg_3694,0,64,0,0,0
reg_3700,0,64,0,0,0
reg_3706,0,64,0,0,0
reg_3712,0,64,0,0,0
reg_3718,0,64,0,0,0
reg_3724,0,64,0,0,0
reg_3730,0,64,0,0,0
reg_3737,0,64,0,0,0
reg_3743,0,64,0,0,0
reg_3750,0,64,0,0,0
reg_3756,0,64,0,0,0
reg_3762,0,64,0,0,0
reg_3768,0,64,0,0,0
reg_3775,0,64,0,0,0
reg_3782,0,64,0,0,0
reg_3789,0,64,0,0,0
reg_3796,0,64,0,0,0
reg_3803,0,64,0,0,0
reg_3810,0,64,0,0,0
reg_3817,0,64,0,0,0
reg_3824,0,64,0,0,0
reg_3833,0,64,0,0,0
reg_3842,0,64,0,0,0
reg_3847,0,64,0,0,0
reg_3852,0,64,0,0,0
reg_3857,0,64,0,0,0
reg_3862,0,64,0,0,0
reg_3867,0,64,0,0,0
reg_3872,0,64,0,0,0
reg_3878,0,64,0,0,0
reg_3884,0,64,0,0,0
reg_3890,0,64,0,0,0
reg_3896,0,64,0,0,0
reg_3902,0,64,0,0,0
reg_3908,0,64,0,0,0
reg_3914,0,64,0,0,0
reg_3920,0,64,0,0,0
reg_3926,0,64,0,0,0
reg_3932,0,64,0,0,0
reg_3938,0,64,0,0,0
reg_3944,0,64,0,0,0
reg_3950,0,64,0,0,0
reg_3956,0,64,0,0,0
reg_3962,0,64,0,0,0
reg_3968,0,64,0,0,0
reg_3974,0,64,0,0,0
reg_3980,0,64,0,0,0
reg_3986,0,64,0,0,0
reg_3992,0,64,0,0,0
reg_3998,0,64,0,0,0
reg_4004,0,64,0,0,0
reg_4009,0,64,0,0,0
shl_ln33_1_reg_12041,0,5,0,0,0
shl_ln_reg_11946,0,6,0,0,0
sub26_11_reg_16093,0,64,0,0,0
sub26_1_3_reg_16035,0,64,0,0,0
tmp_10_reg_13274,0,1,0,0,0
tmp_11_reg_13460,0,1,0,0,0
tmp_12_reg_13646,0,1,0,0,0
tmp_13_reg_13832,0,1,0,0,0
tmp_14_reg_14023,0,1,0,0,0
tmp_15_reg_14219,0,1,0,0,0
tmp_16_reg_14410,0,1,0,0,0
tmp_17_reg_14601,0,1,0,0,0
tmp_18_reg_14787,0,1,0,0,0
tmp_19_reg_12289,0,1,0,0,0
tmp_1_reg_11874,0,1,0,0,0
tmp_20_reg_12433,0,1,0,0,0
tmp_21_reg_12577,0,1,0,0,0
tmp_22_reg_12721,0,1,0,0,0
tmp_23_reg_12865,0,1,0,0,0
tmp_24_reg_13009,0,1,0,0,0
tmp_25_reg_13181,0,1,0,0,0
tmp_26_reg_13367,0,1,0,0,0
tmp_27_reg_13553,0,1,0,0,0
tmp_28_reg_13739,0,1,0,0,0
tmp_29_reg_13925,0,1,0,0,0
tmp_30_reg_14121,0,1,0,0,0
tmp_31_reg_14317,0,1,0,0,0
tmp_32_reg_14503,0,1,0,0,0
tmp_33_reg_14694,0,1,0,0,0
tmp_34_reg_14870,0,1,0,0,0
tmp_3_reg_12215,0,1,0,0,0
tmp_4_reg_12376,0,1,0,0,0
tmp_5_reg_12505,0,1,0,0,0
tmp_6_reg_12649,0,1,0,0,0
tmp_7_reg_12793,0,1,0,0,0
tmp_8_reg_12937,0,1,0,0,0
tmp_9_reg_13095,0,1,0,0,0
tmp_reg_11870,0,1,0,0,0
trunc_ln22_10_reg_13820,0,6,0,0,0
trunc_ln22_11_reg_14011,0,6,0,0,0
trunc_ln22_12_reg_14207,0,6,0,0,0
trunc_ln22_13_reg_14398,0,6,0,0,0
trunc_ln22_14_reg_14589,0,6,0,0,0
trunc_ln22_15_reg_14775,0,6,0,0,0
trunc_ln22_16_reg_12277,0,6,0,0,0
trunc_ln22_17_reg_12421,0,6,0,0,0
trunc_ln22_18_reg_12565,0,6,0,0,0
trunc_ln22_19_reg_12709,0,6,0,0,0
trunc_ln22_1_reg_12364,0,6,0,0,0
trunc_ln22_20_reg_12853,0,6,0,0,0
trunc_ln22_21_reg_12997,0,6,0,0,0
trunc_ln22_22_reg_13169,0,6,0,0,0
trunc_ln22_23_reg_13355,0,6,0,0,0
trunc_ln22_24_reg_13541,0,6,0,0,0
trunc_ln22_25_reg_13727,0,6,0,0,0
trunc_ln22_26_reg_13913,0,6,0,0,0
trunc_ln22_27_reg_14109,0,6,0,0,0
trunc_ln22_28_reg_14305,0,6,0,0,0
trunc_ln22_29_reg_14491,0,6,0,0,0
trunc_ln22_2_reg_12493,0,6,0,0,0
trunc_ln22_30_reg_14682,0,6,0,0,0
trunc_ln22_31_reg_14858,0,6,0,0,0
trunc_ln22_3_reg_12637,0,6,0,0,0
trunc_ln22_4_reg_12781,0,6,0,0,0
trunc_ln22_5_reg_12925,0,6,0,0,0
trunc_ln22_6_reg_13083,0,6,0,0,0
trunc_ln22_7_reg_13262,0,6,0,0,0
trunc_ln22_8_reg_13448,0,6,0,0,0
trunc_ln22_9_reg_13634,0,6,0,0,0
trunc_ln22_reg_12203,0,6,0,0,0
